-- phpMyAdmin SQL Dump
-- version 4.9.7
-- https://www.phpmyadmin.net/
--
-- Host: localhost:8889
-- Generation Time: Aug 28, 2022 at 08:55 AM
-- Server version: 5.7.32
-- PHP Version: 8.0.0

SET SQL_MODE = "NO_AUTO_VALUE_ON_ZERO";
SET time_zone = "+00:00";

--
-- Database: `railres`
--

-- --------------------------------------------------------

--
-- Table structure for table `Admin`
--

CREATE TABLE `Admin` (
  `Id` int(11) NOT NULL,
  `Uname` varchar(54) NOT NULL,
  `Pass` varchar(54) NOT NULL
) ENGINE=InnoDB DEFAULT CHARSET=utf8;

--
-- Dumping data for table `Admin`
--

INSERT INTO `Admin` (`Id`, `Uname`, `Pass`) VALUES
(1, 'admin', '12345');

-- --------------------------------------------------------

--
-- Table structure for table `booking`
--

CREATE TABLE `booking` (
  `id` int(11) NOT NULL,
  `Uid` int(11) NOT NULL,
  `pnr` int(11) NOT NULL DEFAULT '0',
  `uname` varchar(150) NOT NULL,
  `Tnumber` int(11) NOT NULL,
  `class` varchar(2) NOT NULL,
  `doj` date NOT NULL,
  `DOB` date NOT NULL,
  `fromstn` varchar(15) NOT NULL,
  `tostn` varchar(15) NOT NULL,
  `Name` varchar(15) NOT NULL,
  `Age` int(11) NOT NULL,
  `sex` varchar(10) NOT NULL,
  `Status` varchar(20) NOT NULL
) ENGINE=MyISAM DEFAULT CHARSET=latin1;

--
-- Dumping data for table `booking`
--

INSERT INTO `booking` (`id`, `Uid`, `pnr`, `uname`, `Tnumber`, `class`, `doj`, `DOB`, `fromstn`, `tostn`, `Name`, `Age`, `sex`, `Status`) VALUES
(22, 1, 2393494, 'anish@logixspace.com', 12931, '2A', '2022-10-13', '2022-08-01', 'SURAT', 'BARODA', 'TESTANIS', 21, 'male', 'Confirmed'),
(23, 1, 4834549, 'anish@logixspace.com', 12931, '1A', '2022-08-28', '2022-08-28', 'BCT', 'ADI', 'RAHUL', 32, 'male', 'Confirmed'),
(24, 1, 9786602, 'anish@logixspace.com', 12931, '1A', '2022-08-28', '2022-08-28', 'BCT', 'ADI', 'LEKHA', 43, 'female', 'Confirmed'),
(25, 1, 8748586, 'anish@logixspace.com', 12009, 'SL', '2022-08-29', '2022-08-28', 'KYJ', 'ALLP', 'TEST ', 80, 'male', 'Confirmed');

-- --------------------------------------------------------

--
-- Table structure for table `interlist`
--

CREATE TABLE `interlist` (
  `id` int(11) NOT NULL,
  `Number` int(6) DEFAULT NULL,
  `st1` varchar(10) DEFAULT NULL,
  `st1arri` varchar(10) DEFAULT NULL,
  `st2` varchar(10) DEFAULT NULL,
  `st2arri` varchar(10) DEFAULT NULL,
  `st3` varchar(10) DEFAULT NULL,
  `st3arri` varchar(10) DEFAULT NULL,
  `st4` varchar(10) DEFAULT NULL,
  `st4arri` varchar(10) DEFAULT NULL,
  `st5` varchar(10) DEFAULT NULL,
  `st5arri` varchar(10) DEFAULT NULL,
  `Ori` varchar(20) NOT NULL,
  `Oriarri` varchar(10) NOT NULL,
  `Dest` varchar(20) NOT NULL,
  `Desarri` varchar(10) NOT NULL,
  `Name` varchar(20) NOT NULL,
  `Mon` varchar(2) NOT NULL,
  `Tue` varchar(2) NOT NULL,
  `Wed` varchar(2) NOT NULL,
  `Thu` varchar(2) NOT NULL,
  `Fri` varchar(2) NOT NULL,
  `Sat` varchar(2) NOT NULL,
  `Sun` varchar(2) NOT NULL
) ENGINE=InnoDB DEFAULT CHARSET=latin1;

--
-- Dumping data for table `interlist`
--

INSERT INTO `interlist` (`id`, `Number`, `st1`, `st1arri`, `st2`, `st2arri`, `st3`, `st3arri`, `st4`, `st4arri`, `st5`, `st5arri`, `Ori`, `Oriarri`, `Dest`, `Desarri`, `Name`, `Mon`, `Tue`, `Wed`, `Thu`, `Fri`, `Sat`, `Sun`) VALUES
(1, 12009, 'KLM', '00:15', 'KYJ', '01:45', 'ALLP', '02:30', 'EKM', '04:00', 'CLT', '05:05', 'TVM', '22:15', 'CLT', '06:25', 'JANA SHATABDI EXP', 'Y', 'Y', 'Y', 'Y', 'Y', 'Y', 'X'),
(2, 12931, 'VAPI', '07:15', 'VALSAD', '08:45', 'SURAT', '09:30', 'BARODA', '11:30', 'ANAND', '12:45', 'BCT', '06:00', 'ADI', '14:20', 'ADI DOUBLE DECK', 'Y', 'Y', 'Y', 'Y', 'Y', 'Y', 'Y'),
(3, 12932, 'VAPI', '19:15', 'VALSAD', '18:45', 'SURAT', '07:30', 'BARODA', '15:30', 'ANAND', '14:05', 'ADI', '13:00', 'BCT', '22:10', 'BCT DOUBLEDECKE', 'Y', 'Y', 'Y', 'Y', 'Y', 'Y', 'Y'),
(4, 19011, 'VAPI', '06:26', 'VALSAD', '01:50', 'SURAT', '23:45', 'BARODA', '20:20', 'ANAND', '18:10', 'ADI', '16:25', 'BCT', '10:25', 'GUJARAT EXPRESS', 'Y', 'Y', 'Y', 'Y', 'Y', 'Y', 'Y'),
(5, 22210, 'VAPI', '00:10', 'VALSAD', '23:50', 'SURAT', '22:25', 'BARODA', '20:05', 'ANAND', '18:20', 'NDLS', '16:15', 'BCT', '01:35', 'BCT DURONTO', 'N', 'N', 'Y', 'N', 'N', 'N', 'Y');

-- --------------------------------------------------------

--
-- Table structure for table `QualityReport`
--

CREATE TABLE `QualityReport` (
  `Id` int(11) NOT NULL,
  `UserId` int(11) NOT NULL,
  `PNR` int(11) NOT NULL,
  `Pic` varchar(500) NOT NULL,
  `Status` varchar(345) NOT NULL,
  `ReportedDate` datetime NOT NULL,
  `Description` varchar(4500) NOT NULL,
  `Remarks` varchar(1000) NOT NULL DEFAULT 'Processing'
) ENGINE=InnoDB DEFAULT CHARSET=utf8;

--
-- Dumping data for table `QualityReport`
--

INSERT INTO `QualityReport` (`Id`, `UserId`, `PNR`, `Pic`, `Status`, `ReportedDate`, `Description`, `Remarks`) VALUES
(1, 1, 9786602, 'images/54161 no.jpeg', '0', '2022-08-28 13:36:48', '\r\n                        test complaint', 'Processing'),
(2, 1, 4834549, 'images/40061 no.jpeg', '0', '2022-08-28 13:38:19', '\r\n                        test complaint 2', 'demooooo');

-- --------------------------------------------------------

--
-- Table structure for table `seats_availability`
--

CREATE TABLE `seats_availability` (
  `Train_No` int(11) NOT NULL,
  `Train_Name` varchar(20) NOT NULL,
  `doj` date NOT NULL,
  `1A` int(11) NOT NULL,
  `2A` int(11) NOT NULL,
  `3A` int(11) NOT NULL,
  `AC` int(11) NOT NULL,
  `CC` int(11) NOT NULL,
  `SL` int(11) NOT NULL
) ENGINE=MyISAM DEFAULT CHARSET=latin1;

--
-- Dumping data for table `seats_availability`
--

INSERT INTO `seats_availability` (`Train_No`, `Train_Name`, `doj`, `1A`, `2A`, `3A`, `AC`, `CC`, `SL`) VALUES
(12009, 'SHATABDI EXP', '2017-04-10', 5, 5, 5, 5, 5, 5),
(12009, 'SHATABDI EXP', '2017-04-11', 5, 5, 5, 5, 5, 5),
(12009, 'SHATABDI EXP', '2017-04-12', 5, 5, 5, 5, 5, 5),
(12009, 'SHATABDI EXP', '2017-04-13', 5, 5, 5, 5, 5, 5),
(12009, 'SHATABDI EXP', '2017-04-14', 5, 5, 5, 5, 5, 5),
(12009, 'SHATABDI EXP', '2017-04-15', 5, 5, 5, 5, 5, 5),
(12009, 'SHATABDI EXP', '2017-04-16', 5, 5, 5, 5, 5, 5),
(12009, 'SHATABDI EXP', '2017-04-17', 5, 5, 5, 5, 5, 5),
(12009, 'SHATABDI EXP', '2017-04-18', 5, 5, 5, 5, 5, 5),
(12009, 'SHATABDI EXP', '2017-04-19', 5, 5, 5, 5, 5, 5),
(12009, 'SHATABDI EXP', '2017-04-20', 5, 5, 5, 5, 5, 5),
(12009, 'SHATABDI EXP', '2017-04-21', 5, 5, 5, 5, 5, 5),
(12009, 'SHATABDI EXP', '2017-04-22', 5, 5, 5, 5, 5, 5),
(12009, 'SHATABDI EXP', '2017-04-23', 5, 5, 5, 5, 5, 5),
(12009, 'SHATABDI EXP', '2017-04-24', 5, 5, 5, 5, 5, 5),
(12009, 'SHATABDI EXP', '2017-04-25', 5, 5, 5, 5, 5, 5),
(12009, 'SHATABDI EXP', '2017-04-26', 4, 5, 5, 5, 5, 5),
(12009, 'SHATABDI EXP', '2017-04-27', 5, 5, 5, 5, 5, 4),
(12009, 'SHATABDI EXP', '2017-04-28', 5, 4, 5, 5, 5, 5),
(12009, 'SHATABDI EXP', '2017-04-29', 5, 5, 5, 5, 5, 5),
(12009, 'SHATABDI EXP', '2017-04-30', 5, 5, 5, 5, 5, 5),
(12009, 'SHATABDI EXP', '2017-05-01', 5, 5, 5, 5, 5, 5),
(12009, 'SHATABDI EXP', '2017-05-02', 5, 5, 5, 5, 5, 5),
(12009, 'SHATABDI EXP', '2017-05-03', 5, 5, 5, 5, 5, 5),
(12009, 'SHATABDI EXP', '2017-05-04', 5, 5, 5, 5, 5, 5),
(12009, 'SHATABDI EXP', '2017-05-05', 5, 5, 5, 5, 5, 5),
(12009, 'SHATABDI EXP', '2017-05-06', 5, 5, 5, 5, 5, 5),
(12009, 'SHATABDI EXP', '2017-05-07', 5, 5, 5, 5, 5, 5),
(12009, 'SHATABDI EXP', '2017-05-08', 5, 5, 5, 5, 5, 5),
(12009, 'SHATABDI EXP', '2017-05-09', 5, 5, 5, 5, 5, 5),
(12009, 'SHATABDI EXP', '2017-05-10', 5, 5, 5, 5, 5, 5),
(12009, 'SHATABDI EXP', '2017-05-11', 5, 5, 5, 5, 5, 5),
(12009, 'SHATABDI EXP', '2017-05-12', 5, 5, 5, 5, 5, 5),
(12009, 'SHATABDI EXP', '2017-05-13', 5, 5, 5, 5, 5, 5),
(12009, 'SHATABDI EXP', '2017-05-14', 5, 5, 5, 5, 5, 5),
(12009, 'SHATABDI EXP', '2017-05-15', 5, 5, 5, 5, 5, 5),
(12009, 'SHATABDI EXP', '2017-05-16', 5, 5, 5, 5, 5, 5),
(12009, 'SHATABDI EXP', '2017-05-17', 5, 5, 5, 5, 5, 5),
(12009, 'SHATABDI EXP', '2017-05-18', 5, 5, 5, 5, 5, 5),
(12009, 'SHATABDI EXP', '2017-05-19', 5, 5, 5, 5, 5, 5),
(12009, 'SHATABDI EXP', '2017-05-20', 5, 5, 5, 5, 5, 5),
(12009, 'SHATABDI EXP', '2017-05-21', 5, 5, 5, 5, 5, 5),
(12009, 'SHATABDI EXP', '2017-05-22', 5, 5, 5, 5, 5, 5),
(12009, 'SHATABDI EXP', '2017-05-23', 5, 5, 5, 5, 5, 5),
(12009, 'SHATABDI EXP', '2017-05-24', 5, 5, 5, 5, 5, 5),
(12009, 'SHATABDI EXP', '2017-05-25', 5, 5, 5, 5, 5, 5),
(12009, 'SHATABDI EXP', '2017-05-26', 5, 5, 5, 5, 5, 5),
(12009, 'SHATABDI EXP', '2017-05-27', 5, 5, 5, 5, 5, 5),
(12009, 'SHATABDI EXP', '2017-05-28', 5, 5, 5, 5, 5, 5),
(12009, 'SHATABDI EXP', '2017-05-29', 5, 5, 5, 5, 5, 5),
(12009, 'SHATABDI EXP', '2017-05-30', 5, 5, 5, 5, 5, 5),
(12009, 'SHATABDI EXP', '2017-05-31', 5, 5, 5, 5, 5, 5),
(12009, 'SHATABDI EXP', '2017-06-01', 5, 5, 5, 5, 5, 5),
(12009, 'SHATABDI EXP', '2017-06-02', 5, 5, 5, 5, 5, 5),
(12009, 'SHATABDI EXP', '2017-06-03', 5, 5, 5, 5, 5, 5),
(12009, 'SHATABDI EXP', '2017-06-04', 5, 5, 5, 5, 5, 5),
(12009, 'SHATABDI EXP', '2017-06-05', 5, 5, 5, 5, 5, 5),
(12009, 'SHATABDI EXP', '2017-06-06', 5, 5, 5, 5, 5, 5),
(12009, 'SHATABDI EXP', '2017-06-07', 5, 5, 5, 5, 5, 5),
(12009, 'SHATABDI EXP', '2017-06-08', 5, 5, 5, 5, 5, 5),
(12009, 'SHATABDI EXP', '2017-06-09', 5, 5, 5, 5, 5, 5),
(12009, 'SHATABDI EXP', '2017-06-10', 5, 5, 5, 5, 5, 5),
(12009, 'SHATABDI EXP', '2017-06-11', 5, 5, 5, 5, 5, 5),
(12009, 'SHATABDI EXP', '2017-06-12', 5, 5, 5, 5, 5, 5),
(12009, 'SHATABDI EXP', '2017-06-13', 5, 5, 5, 5, 5, 5),
(12009, 'SHATABDI EXP', '2017-06-14', 5, 5, 5, 5, 5, 5),
(12009, 'SHATABDI EXP', '2017-06-15', 5, 5, 5, 5, 5, 5),
(12009, 'SHATABDI EXP', '2017-06-16', 5, 5, 5, 5, 5, 5),
(12009, 'SHATABDI EXP', '2017-06-17', 5, 5, 5, 5, 5, 5),
(12009, 'SHATABDI EXP', '2017-06-18', 5, 5, 5, 5, 5, 5),
(12009, 'SHATABDI EXP', '2017-06-19', 5, 5, 5, 5, 5, 5),
(12009, 'SHATABDI EXP', '2017-06-20', 5, 5, 5, 5, 5, 5),
(12009, 'SHATABDI EXP', '2017-06-21', 5, 5, 5, 5, 5, 5),
(12009, 'SHATABDI EXP', '2017-06-22', 5, 5, 5, 5, 5, 5),
(12009, 'SHATABDI EXP', '2017-06-23', 5, 5, 5, 5, 5, 5),
(12009, 'SHATABDI EXP', '2017-06-24', 5, 5, 5, 5, 5, 5),
(12009, 'SHATABDI EXP', '2017-06-25', 5, 5, 5, 5, 5, 5),
(12009, 'SHATABDI EXP', '2017-06-26', 5, 5, 5, 5, 5, 5),
(12009, 'SHATABDI EXP', '2017-06-27', 5, 5, 5, 5, 5, 5),
(12009, 'SHATABDI EXP', '2017-06-28', 5, 5, 5, 5, 5, 5),
(12009, 'SHATABDI EXP', '2017-06-29', 5, 5, 5, 5, 5, 5),
(12009, 'SHATABDI EXP', '2017-06-30', 5, 5, 5, 5, 5, 5),
(12009, 'SHATABDI EXP', '2017-07-01', 5, 5, 5, 5, 5, 5),
(12009, 'SHATABDI EXP', '2017-07-02', 5, 5, 5, 5, 5, 5),
(12009, 'SHATABDI EXP', '2017-07-03', 5, 5, 5, 5, 5, 5),
(12009, 'SHATABDI EXP', '2017-07-04', 5, 5, 5, 5, 5, 5),
(12009, 'SHATABDI EXP', '2017-07-05', 5, 5, 5, 5, 5, 5),
(12009, 'SHATABDI EXP', '2017-07-06', 5, 5, 5, 5, 5, 5),
(12009, 'SHATABDI EXP', '2017-07-07', 5, 5, 5, 5, 5, 5),
(12009, 'SHATABDI EXP', '2017-07-08', 5, 5, 5, 5, 5, 5),
(12931, 'ADI DOUBLE DECK', '2017-04-10', 5, 5, 5, 5, 5, 5),
(12931, 'ADI DOUBLE DECK', '2017-04-11', 5, 5, 5, 5, 5, 5),
(12931, 'ADI DOUBLE DECK', '2017-04-12', 5, 5, 5, 5, 5, 5),
(12931, 'ADI DOUBLE DECK', '2017-04-13', 5, 5, 5, 5, 5, 5),
(12931, 'ADI DOUBLE DECK', '2017-04-14', 5, 5, 5, 5, 5, 5),
(12931, 'ADI DOUBLE DECK', '2017-04-15', 5, 5, 5, 5, 5, 5),
(12931, 'ADI DOUBLE DECK', '2017-04-16', 5, 5, 5, 5, 5, 5),
(12931, 'ADI DOUBLE DECK', '2017-04-17', 5, 5, 5, 5, 5, 5),
(12931, 'ADI DOUBLE DECK', '2017-04-18', 5, 5, 5, 5, 5, 5),
(12931, 'ADI DOUBLE DECK', '2017-04-19', 5, 5, 5, 5, 5, 5),
(12931, 'ADI DOUBLE DECK', '2017-04-20', 5, 5, 5, 5, 5, 5),
(12931, 'ADI DOUBLE DECK', '2017-04-21', 5, 5, 5, 5, 5, 5),
(12931, 'ADI DOUBLE DECK', '2017-04-22', 5, 5, 5, 5, 5, 5),
(12931, 'ADI DOUBLE DECK', '2017-04-23', 5, 5, 5, 5, 5, 5),
(12931, 'ADI DOUBLE DECK', '2017-04-24', 5, 5, 5, 5, 5, 5),
(12931, 'ADI DOUBLE DECK', '2017-04-25', 5, 5, 5, 5, 5, 5),
(12931, 'ADI DOUBLE DECK', '2017-04-26', 5, 5, 5, 5, 5, 5),
(12931, 'ADI DOUBLE DECK', '2017-04-27', 5, 5, 5, 5, 5, 5),
(12931, 'ADI DOUBLE DECK', '2017-04-28', 5, 5, 4, 5, 5, 5),
(12931, 'ADI DOUBLE DECK', '2017-04-29', 5, 5, 5, 5, 5, 5),
(12931, 'ADI DOUBLE DECK', '2017-04-30', 5, 5, 5, 5, 5, 5),
(12931, 'ADI DOUBLE DECK', '2017-05-01', 5, 5, 5, 5, 5, 5),
(12931, 'ADI DOUBLE DECK', '2017-05-02', 5, 5, 5, 5, 5, 5),
(12931, 'ADI DOUBLE DECK', '2017-05-03', 5, 5, 5, 5, 5, 5),
(12931, 'ADI DOUBLE DECK', '2017-05-04', 5, 5, 5, 5, 5, 5),
(12931, 'ADI DOUBLE DECK', '2017-05-05', 5, 5, 5, 5, 5, 5),
(12931, 'ADI DOUBLE DECK', '2017-05-06', 5, 5, 5, 5, 5, 5),
(12931, 'ADI DOUBLE DECK', '2017-05-07', 5, 5, 5, 5, 5, 5),
(12931, 'ADI DOUBLE DECK', '2017-05-08', 5, 5, 5, 5, 5, 5),
(12931, 'ADI DOUBLE DECK', '2017-05-09', 5, 5, 5, 5, 5, 5),
(12931, 'ADI DOUBLE DECK', '2017-05-10', 5, 5, 5, 5, 5, 5),
(12931, 'ADI DOUBLE DECK', '2017-05-11', 5, 5, 5, 5, 5, 5),
(12931, 'ADI DOUBLE DECK', '2017-05-12', 5, 5, 5, 5, 5, 5),
(12931, 'ADI DOUBLE DECK', '2017-05-13', 5, 5, 5, 5, 5, 5),
(12931, 'ADI DOUBLE DECK', '2017-05-14', 5, 5, 5, 5, 5, 5),
(12931, 'ADI DOUBLE DECK', '2017-05-15', 5, 5, 5, 5, 5, 5),
(12931, 'ADI DOUBLE DECK', '2017-05-16', 5, 5, 5, 5, 5, 5),
(12931, 'ADI DOUBLE DECK', '2017-05-17', 5, 5, 5, 5, 5, 5),
(12931, 'ADI DOUBLE DECK', '2017-05-18', 5, 5, 5, 5, 5, 5),
(12931, 'ADI DOUBLE DECK', '2017-05-19', 5, 5, 5, 5, 5, 5),
(12931, 'ADI DOUBLE DECK', '2017-05-20', 5, 5, 5, 5, 5, 5),
(12931, 'ADI DOUBLE DECK', '2017-05-21', 5, 5, 5, 5, 5, 5),
(12931, 'ADI DOUBLE DECK', '2017-05-22', 5, 5, 5, 5, 5, 5),
(12931, 'ADI DOUBLE DECK', '2017-05-23', 5, 5, 5, 5, 5, 5),
(12931, 'ADI DOUBLE DECK', '2017-05-24', 5, 5, 5, 5, 5, 5),
(12931, 'ADI DOUBLE DECK', '2017-05-25', 5, 5, 5, 5, 5, 5),
(12931, 'ADI DOUBLE DECK', '2017-05-26', 5, 5, 5, 5, 5, 5),
(12931, 'ADI DOUBLE DECK', '2017-05-27', 5, 5, 5, 5, 5, 5),
(12931, 'ADI DOUBLE DECK', '2017-05-28', 5, 5, 5, 5, 5, 5),
(12931, 'ADI DOUBLE DECK', '2017-05-29', 5, 5, 5, 5, 5, 5),
(12931, 'ADI DOUBLE DECK', '2017-05-30', 5, 5, 5, 5, 5, 5),
(12931, 'ADI DOUBLE DECK', '2017-05-31', 5, 5, 5, 5, 5, 5),
(12931, 'ADI DOUBLE DECK', '2017-06-01', 5, 5, 5, 5, 5, 5),
(12931, 'ADI DOUBLE DECK', '2017-06-02', 5, 5, 5, 5, 5, 5),
(12931, 'ADI DOUBLE DECK', '2017-06-03', 5, 5, 5, 5, 5, 5),
(12931, 'ADI DOUBLE DECK', '2017-06-04', 5, 5, 5, 5, 5, 5),
(12931, 'ADI DOUBLE DECK', '2017-06-05', 5, 5, 5, 5, 5, 5),
(12931, 'ADI DOUBLE DECK', '2017-06-06', 5, 5, 5, 5, 5, 5),
(12931, 'ADI DOUBLE DECK', '2017-06-07', 5, 5, 5, 5, 5, 5),
(12931, 'ADI DOUBLE DECK', '2017-06-08', 5, 5, 5, 5, 5, 5),
(12931, 'ADI DOUBLE DECK', '2017-06-09', 5, 5, 5, 5, 5, 5),
(12931, 'ADI DOUBLE DECK', '2017-06-10', 5, 5, 5, 5, 5, 5),
(12931, 'ADI DOUBLE DECK', '2017-06-11', 5, 5, 5, 5, 5, 5),
(12931, 'ADI DOUBLE DECK', '2017-06-12', 5, 5, 5, 5, 5, 5),
(12931, 'ADI DOUBLE DECK', '2017-06-13', 5, 5, 5, 5, 5, 5),
(12931, 'ADI DOUBLE DECK', '2017-06-14', 5, 5, 5, 5, 5, 5),
(12931, 'ADI DOUBLE DECK', '2017-06-15', 5, 5, 5, 5, 5, 5),
(12931, 'ADI DOUBLE DECK', '2017-06-16', 5, 5, 5, 5, 5, 5),
(12931, 'ADI DOUBLE DECK', '2017-06-17', 5, 5, 5, 5, 5, 5),
(12931, 'ADI DOUBLE DECK', '2017-06-18', 5, 5, 5, 5, 5, 5),
(12931, 'ADI DOUBLE DECK', '2017-06-19', 5, 5, 5, 5, 5, 5),
(12931, 'ADI DOUBLE DECK', '2017-06-20', 5, 5, 5, 5, 5, 5),
(12931, 'ADI DOUBLE DECK', '2017-06-21', 5, 5, 5, 5, 5, 5),
(12931, 'ADI DOUBLE DECK', '2017-06-22', 5, 5, 5, 5, 5, 5),
(12931, 'ADI DOUBLE DECK', '2017-06-23', 5, 5, 5, 5, 5, 5),
(12931, 'ADI DOUBLE DECK', '2017-06-24', 5, 5, 5, 5, 5, 5),
(12931, 'ADI DOUBLE DECK', '2017-06-25', 5, 5, 5, 5, 5, 5),
(12931, 'ADI DOUBLE DECK', '2017-06-26', 5, 5, 5, 5, 5, 5),
(12931, 'ADI DOUBLE DECK', '2017-06-27', 5, 5, 5, 5, 5, 5),
(12931, 'ADI DOUBLE DECK', '2017-06-28', 5, 5, 5, 5, 5, 5),
(12931, 'ADI DOUBLE DECK', '2017-06-29', 5, 5, 5, 5, 5, 5),
(12931, 'ADI DOUBLE DECK', '2017-06-30', 5, 5, 5, 5, 5, 5),
(12931, 'ADI DOUBLE DECK', '2017-07-01', 5, 5, 5, 5, 5, 5),
(12931, 'ADI DOUBLE DECK', '2017-07-02', 5, 5, 5, 5, 5, 5),
(12931, 'ADI DOUBLE DECK', '2017-07-03', 5, 5, 5, 5, 5, 5),
(12931, 'ADI DOUBLE DECK', '2017-07-04', 5, 5, 5, 5, 5, 5),
(12931, 'ADI DOUBLE DECK', '2017-07-05', 5, 5, 5, 5, 5, 5),
(12931, 'ADI DOUBLE DECK', '2017-07-06', 5, 5, 5, 5, 5, 5),
(12931, 'ADI DOUBLE DECK', '2017-07-07', 5, 5, 5, 5, 5, 5),
(12931, 'ADI DOUBLE DECK', '2017-07-08', 5, 5, 5, 5, 5, 5),
(12932, 'BCT DOUBLEDECKE', '2017-04-10', 5, 5, 5, 5, 5, 5),
(12932, 'BCT DOUBLEDECKE', '2017-04-11', 5, 5, 5, 5, 5, 5),
(12932, 'BCT DOUBLEDECKE', '2017-04-12', 5, 5, 5, 5, 5, 5),
(12932, 'BCT DOUBLEDECKE', '2017-04-13', 5, 5, 5, 5, 5, 5),
(12932, 'BCT DOUBLEDECKE', '2017-04-14', 5, 5, 5, 5, 5, 5),
(12932, 'BCT DOUBLEDECKE', '2017-04-15', 5, 5, 5, 5, 5, 5),
(12932, 'BCT DOUBLEDECKE', '2017-04-16', 5, 5, 5, 5, 5, 5),
(12932, 'BCT DOUBLEDECKE', '2017-04-17', 5, 5, 5, 5, 5, 5),
(12932, 'BCT DOUBLEDECKE', '2017-04-18', 5, 5, 5, 5, 5, 5),
(12932, 'BCT DOUBLEDECKE', '2017-04-19', 5, 5, 5, 5, 5, 5),
(12932, 'BCT DOUBLEDECKE', '2017-04-20', 5, 5, 5, 5, 5, 5),
(12932, 'BCT DOUBLEDECKE', '2017-04-21', 5, 5, 5, 5, 5, 5),
(12932, 'BCT DOUBLEDECKE', '2017-04-22', 5, 5, 5, 5, 5, 5),
(12932, 'BCT DOUBLEDECKE', '2017-04-23', 5, 5, 5, 5, 5, 5),
(12932, 'BCT DOUBLEDECKE', '2017-04-24', 5, 5, 5, 5, 5, 5),
(12932, 'BCT DOUBLEDECKE', '2017-04-25', 5, 5, 5, 5, 5, 5),
(12932, 'BCT DOUBLEDECKE', '2017-04-26', 5, 5, 5, 5, 5, 5),
(12932, 'BCT DOUBLEDECKE', '2017-04-27', 5, 5, 5, 5, 5, 5),
(12932, 'BCT DOUBLEDECKE', '2017-04-28', 5, 5, 5, 5, 5, 5),
(12932, 'BCT DOUBLEDECKE', '2017-04-29', 5, 5, 5, 5, 5, 5),
(12932, 'BCT DOUBLEDECKE', '2017-04-30', 5, 5, 5, 5, 5, 5),
(12932, 'BCT DOUBLEDECKE', '2017-05-01', 5, 5, 5, 5, 5, 5),
(12932, 'BCT DOUBLEDECKE', '2017-05-02', 5, 5, 5, 5, 5, 5),
(12932, 'BCT DOUBLEDECKE', '2017-05-03', 5, 5, 5, 5, 5, 5),
(12932, 'BCT DOUBLEDECKE', '2017-05-04', 5, 5, 5, 5, 5, 5),
(12932, 'BCT DOUBLEDECKE', '2017-05-05', 5, 5, 5, 5, 5, 5),
(12932, 'BCT DOUBLEDECKE', '2017-05-06', 5, 5, 5, 5, 5, 5),
(12932, 'BCT DOUBLEDECKE', '2017-05-07', 5, 5, 5, 5, 5, 5),
(12932, 'BCT DOUBLEDECKE', '2017-05-08', 5, 5, 5, 5, 5, 5),
(12932, 'BCT DOUBLEDECKE', '2017-05-09', 5, 5, 5, 5, 5, 5),
(12932, 'BCT DOUBLEDECKE', '2017-05-10', 5, 5, 5, 5, 5, 5),
(12932, 'BCT DOUBLEDECKE', '2017-05-11', 5, 5, 5, 5, 5, 5),
(12932, 'BCT DOUBLEDECKE', '2017-05-12', 5, 5, 5, 5, 5, 5),
(12932, 'BCT DOUBLEDECKE', '2017-05-13', 5, 5, 5, 5, 5, 5),
(12932, 'BCT DOUBLEDECKE', '2017-05-14', 5, 5, 5, 5, 5, 5),
(12932, 'BCT DOUBLEDECKE', '2017-05-15', 5, 5, 5, 5, 5, 5),
(12932, 'BCT DOUBLEDECKE', '2017-05-16', 5, 5, 5, 5, 5, 5),
(12932, 'BCT DOUBLEDECKE', '2017-05-17', 5, 5, 5, 5, 5, 5),
(12932, 'BCT DOUBLEDECKE', '2017-05-18', 5, 5, 5, 5, 5, 5),
(12932, 'BCT DOUBLEDECKE', '2017-05-19', 5, 5, 5, 5, 5, 5),
(12932, 'BCT DOUBLEDECKE', '2017-05-20', 5, 5, 5, 5, 5, 5),
(12932, 'BCT DOUBLEDECKE', '2017-05-21', 5, 5, 5, 5, 5, 5),
(12932, 'BCT DOUBLEDECKE', '2017-05-22', 5, 5, 5, 5, 5, 5),
(12932, 'BCT DOUBLEDECKE', '2017-05-23', 5, 5, 5, 5, 5, 5),
(12932, 'BCT DOUBLEDECKE', '2017-05-24', 5, 5, 5, 5, 5, 5),
(12932, 'BCT DOUBLEDECKE', '2017-05-25', 5, 5, 5, 5, 5, 5),
(12932, 'BCT DOUBLEDECKE', '2017-05-26', 5, 5, 5, 5, 5, 5),
(12932, 'BCT DOUBLEDECKE', '2017-05-27', 5, 5, 5, 5, 5, 5),
(12932, 'BCT DOUBLEDECKE', '2017-05-28', 5, 5, 5, 5, 5, 5),
(12932, 'BCT DOUBLEDECKE', '2017-05-29', 5, 5, 5, 5, 5, 5),
(12932, 'BCT DOUBLEDECKE', '2017-05-30', 5, 5, 5, 5, 5, 5),
(12932, 'BCT DOUBLEDECKE', '2017-05-31', -3, 3, 5, 5, 5, 5),
(12932, 'BCT DOUBLEDECKE', '2017-06-01', 5, 5, 5, 5, 5, 5),
(12932, 'BCT DOUBLEDECKE', '2017-06-02', 5, 5, 5, 5, 5, 5),
(12932, 'BCT DOUBLEDECKE', '2017-06-03', 5, 5, 5, 5, 5, 5),
(12932, 'BCT DOUBLEDECKE', '2017-06-04', 5, 5, 5, 5, 5, 5),
(12932, 'BCT DOUBLEDECKE', '2017-06-05', 5, 5, 5, 5, 5, 5),
(12932, 'BCT DOUBLEDECKE', '2017-06-06', 5, 5, 5, 5, 5, 5),
(12932, 'BCT DOUBLEDECKE', '2017-06-07', 5, 5, 5, 5, 5, 5),
(12932, 'BCT DOUBLEDECKE', '2017-06-08', 5, 5, 5, 5, 5, 5),
(12932, 'BCT DOUBLEDECKE', '2017-06-09', 5, 5, 5, 5, 5, 5),
(12932, 'BCT DOUBLEDECKE', '2017-06-10', 5, 5, 5, 5, 5, 5),
(12932, 'BCT DOUBLEDECKE', '2017-06-11', 5, 5, 5, 5, 5, 5),
(12932, 'BCT DOUBLEDECKE', '2017-06-12', 5, 5, 5, 5, 5, 5),
(12932, 'BCT DOUBLEDECKE', '2017-06-13', 5, 5, 5, 5, 5, 5),
(12932, 'BCT DOUBLEDECKE', '2017-06-14', 5, 5, 5, 5, 5, 5),
(12932, 'BCT DOUBLEDECKE', '2017-06-15', 5, 5, 5, 5, 5, 5),
(12932, 'BCT DOUBLEDECKE', '2017-06-16', 5, 5, 5, 5, 5, 5),
(12932, 'BCT DOUBLEDECKE', '2017-06-17', 5, 5, 5, 5, 5, 5),
(12932, 'BCT DOUBLEDECKE', '2017-06-18', 5, 5, 5, 5, 5, 5),
(12932, 'BCT DOUBLEDECKE', '2017-06-19', 5, 5, 5, 5, 5, 5),
(12932, 'BCT DOUBLEDECKE', '2017-06-20', 5, 5, 5, 5, 5, 5),
(12932, 'BCT DOUBLEDECKE', '2017-06-21', 5, 5, 5, 5, 5, 5),
(12932, 'BCT DOUBLEDECKE', '2017-06-22', 5, 5, 5, 5, 5, 5),
(12932, 'BCT DOUBLEDECKE', '2017-06-23', 5, 5, 5, 5, 5, 5),
(12932, 'BCT DOUBLEDECKE', '2017-06-24', 5, 5, 5, 5, 5, 5),
(12932, 'BCT DOUBLEDECKE', '2017-06-25', 5, 5, 5, 5, 5, 5),
(12932, 'BCT DOUBLEDECKE', '2017-06-26', 5, 5, 5, 5, 5, 5),
(12932, 'BCT DOUBLEDECKE', '2017-06-27', 5, 5, 5, 5, 5, 5),
(12932, 'BCT DOUBLEDECKE', '2017-06-28', 5, 5, 5, 5, 5, 5),
(12932, 'BCT DOUBLEDECKE', '2017-06-29', 5, 5, 5, 5, 5, 5),
(12932, 'BCT DOUBLEDECKE', '2017-06-30', 5, 5, 5, 5, 5, 5),
(12932, 'BCT DOUBLEDECKE', '2017-07-01', 5, 5, 5, 5, 5, 5),
(12932, 'BCT DOUBLEDECKE', '2017-07-02', 5, 5, 5, 5, 5, 5),
(12932, 'BCT DOUBLEDECKE', '2017-07-03', 5, 5, 5, 5, 5, 5),
(12932, 'BCT DOUBLEDECKE', '2017-07-04', 5, 5, 5, 5, 5, 5),
(12932, 'BCT DOUBLEDECKE', '2017-07-05', 5, 5, 5, 5, 5, 5),
(12932, 'BCT DOUBLEDECKE', '2017-07-06', 5, 5, 5, 5, 5, 5),
(12932, 'BCT DOUBLEDECKE', '2017-07-07', 5, 5, 5, 5, 5, 5),
(12932, 'BCT DOUBLEDECKE', '2017-07-08', 5, 5, 5, 5, 5, 5),
(12952, 'MUMBAI RAJDHANI', '2017-04-10', 5, 5, 5, 5, 5, 5),
(12952, 'MUMBAI RAJDHANI', '2017-04-11', 5, 5, 5, 5, 5, 5),
(12952, 'MUMBAI RAJDHANI', '2017-04-12', 5, 5, 5, 5, 5, 5),
(12952, 'MUMBAI RAJDHANI', '2017-04-13', 5, 5, 5, 5, 5, 5),
(12952, 'MUMBAI RAJDHANI', '2017-04-14', 5, 5, 5, 5, 5, 5),
(12952, 'MUMBAI RAJDHANI', '2017-04-15', 5, 5, 5, 5, 5, 5),
(12952, 'MUMBAI RAJDHANI', '2017-04-16', 5, 5, 5, 5, 5, 5),
(12952, 'MUMBAI RAJDHANI', '2017-04-17', 5, 5, 5, 5, 5, 5),
(12952, 'MUMBAI RAJDHANI', '2017-04-18', 5, 5, 5, 5, 5, 5),
(12952, 'MUMBAI RAJDHANI', '2017-04-19', 5, 5, 5, 5, 5, 5),
(12952, 'MUMBAI RAJDHANI', '2017-04-20', 5, 5, 5, 5, 5, 5),
(12952, 'MUMBAI RAJDHANI', '2017-04-21', 5, 5, 5, 5, 5, 5),
(12952, 'MUMBAI RAJDHANI', '2017-04-22', 5, 5, 5, 5, 5, 5),
(12952, 'MUMBAI RAJDHANI', '2017-04-23', 5, 5, 5, 5, 5, 5),
(12952, 'MUMBAI RAJDHANI', '2017-04-24', 5, 5, 5, 5, 5, 5),
(12952, 'MUMBAI RAJDHANI', '2017-04-25', 5, 5, 5, 5, 5, 5),
(12952, 'MUMBAI RAJDHANI', '2017-04-26', 5, 5, 5, 5, 5, 5),
(12952, 'MUMBAI RAJDHANI', '2017-04-27', 5, 5, 5, 5, 5, 5),
(12952, 'MUMBAI RAJDHANI', '2017-04-28', 5, 5, 5, 5, 5, 5),
(12952, 'MUMBAI RAJDHANI', '2017-04-29', 5, 5, 5, 5, 5, 5),
(12952, 'MUMBAI RAJDHANI', '2017-04-30', 5, 5, 5, 5, 5, 5),
(12952, 'MUMBAI RAJDHANI', '2017-05-01', 5, 5, 5, 5, 5, 5),
(12952, 'MUMBAI RAJDHANI', '2017-05-02', 5, 5, 5, 5, 5, 5),
(12952, 'MUMBAI RAJDHANI', '2017-05-03', 5, 5, 5, 5, 5, 5),
(12952, 'MUMBAI RAJDHANI', '2017-05-04', 5, 5, 5, 5, 5, 5),
(12952, 'MUMBAI RAJDHANI', '2017-05-05', 5, 5, 5, 5, 5, 5),
(12952, 'MUMBAI RAJDHANI', '2017-05-06', 5, 5, 5, 5, 5, 5),
(12952, 'MUMBAI RAJDHANI', '2017-05-07', 5, 5, 5, 5, 5, 5),
(12952, 'MUMBAI RAJDHANI', '2017-05-08', 5, 5, 5, 5, 5, 5),
(12952, 'MUMBAI RAJDHANI', '2017-05-09', 5, 5, 5, 5, 5, 5),
(12952, 'MUMBAI RAJDHANI', '2017-05-10', 5, 5, 5, 5, 5, 5),
(12952, 'MUMBAI RAJDHANI', '2017-05-11', 5, 5, 5, 5, 5, 5),
(12952, 'MUMBAI RAJDHANI', '2017-05-12', 5, 5, 5, 5, 5, 5),
(12952, 'MUMBAI RAJDHANI', '2017-05-13', 5, 5, 5, 5, 5, 5),
(12952, 'MUMBAI RAJDHANI', '2017-05-14', 5, 5, 5, 5, 5, 5),
(12952, 'MUMBAI RAJDHANI', '2017-05-15', 5, 5, 5, 5, 5, 5),
(12952, 'MUMBAI RAJDHANI', '2017-05-16', 5, 5, 5, 5, 5, 5),
(12952, 'MUMBAI RAJDHANI', '2017-05-17', 5, 5, 5, 5, 5, 5),
(12952, 'MUMBAI RAJDHANI', '2017-05-18', 5, 5, 5, 5, 5, 5),
(12952, 'MUMBAI RAJDHANI', '2017-05-19', 5, 5, 5, 5, 5, 5),
(12952, 'MUMBAI RAJDHANI', '2017-05-20', 5, 5, 5, 5, 5, 5),
(12952, 'MUMBAI RAJDHANI', '2017-05-21', 5, 5, 5, 5, 5, 5),
(12952, 'MUMBAI RAJDHANI', '2017-05-22', 5, 5, 5, 5, 5, 5),
(12952, 'MUMBAI RAJDHANI', '2017-05-23', 5, 5, 5, 5, 5, 5),
(12952, 'MUMBAI RAJDHANI', '2017-05-24', 5, 5, 5, 5, 5, 5),
(12952, 'MUMBAI RAJDHANI', '2017-05-25', 5, 5, 5, 5, 5, 5),
(12952, 'MUMBAI RAJDHANI', '2017-05-26', 5, 5, 5, 5, 5, 5),
(12952, 'MUMBAI RAJDHANI', '2017-05-27', 5, 5, 5, 5, 5, 5),
(12952, 'MUMBAI RAJDHANI', '2017-05-28', 5, 5, 5, 5, 5, 5),
(12952, 'MUMBAI RAJDHANI', '2017-05-29', 5, 5, 5, 5, 5, 5),
(12952, 'MUMBAI RAJDHANI', '2017-05-30', 5, 5, 5, 5, 5, 5),
(12952, 'MUMBAI RAJDHANI', '2017-05-31', 5, 5, 5, 5, 5, 5),
(12952, 'MUMBAI RAJDHANI', '2017-06-01', 5, 5, 5, 5, 5, 5),
(12952, 'MUMBAI RAJDHANI', '2017-06-02', 5, 5, 5, 5, 5, 5),
(12952, 'MUMBAI RAJDHANI', '2017-06-03', 5, 5, 5, 5, 5, 5),
(12952, 'MUMBAI RAJDHANI', '2017-06-04', 5, 5, 5, 5, 5, 5),
(12952, 'MUMBAI RAJDHANI', '2017-06-05', 5, 5, 5, 5, 5, 5),
(12952, 'MUMBAI RAJDHANI', '2017-06-06', 5, 5, 5, 5, 5, 5),
(12952, 'MUMBAI RAJDHANI', '2017-06-07', 5, 5, 5, 5, 5, 5),
(12952, 'MUMBAI RAJDHANI', '2017-06-08', 5, 5, 5, 5, 5, 5),
(12952, 'MUMBAI RAJDHANI', '2017-06-09', 5, 5, 5, 5, 5, 5),
(12952, 'MUMBAI RAJDHANI', '2017-06-10', 5, 5, 5, 5, 5, 5),
(12952, 'MUMBAI RAJDHANI', '2017-06-11', 5, 5, 5, 5, 5, 5),
(12952, 'MUMBAI RAJDHANI', '2017-06-12', 5, 5, 5, 5, 5, 5),
(12952, 'MUMBAI RAJDHANI', '2017-06-13', 5, 5, 5, 5, 5, 5),
(12952, 'MUMBAI RAJDHANI', '2017-06-14', 5, 5, 5, 5, 5, 5),
(12952, 'MUMBAI RAJDHANI', '2017-06-15', 5, 5, 5, 5, 5, 5),
(12952, 'MUMBAI RAJDHANI', '2017-06-16', 5, 5, 5, 5, 5, 5),
(12952, 'MUMBAI RAJDHANI', '2017-06-17', 5, 5, 5, 5, 5, 5),
(12952, 'MUMBAI RAJDHANI', '2017-06-18', 5, 5, 5, 5, 5, 5),
(12952, 'MUMBAI RAJDHANI', '2017-06-19', 5, 5, 5, 5, 5, 5),
(12952, 'MUMBAI RAJDHANI', '2017-06-20', 5, 5, 5, 5, 5, 5),
(12952, 'MUMBAI RAJDHANI', '2017-06-21', 5, 5, 5, 5, 5, 5),
(12952, 'MUMBAI RAJDHANI', '2017-06-22', 5, 5, 5, 5, 5, 5),
(12952, 'MUMBAI RAJDHANI', '2017-06-23', 5, 5, 5, 5, 5, 5),
(12952, 'MUMBAI RAJDHANI', '2017-06-24', 5, 5, 5, 5, 5, 5),
(12952, 'MUMBAI RAJDHANI', '2017-06-25', 5, 5, 5, 5, 5, 5),
(12952, 'MUMBAI RAJDHANI', '2017-06-26', 5, 5, 5, 5, 5, 5),
(12952, 'MUMBAI RAJDHANI', '2017-06-27', 5, 5, 5, 5, 5, 5),
(12952, 'MUMBAI RAJDHANI', '2017-06-28', 5, 5, 5, 5, 5, 5),
(12952, 'MUMBAI RAJDHANI', '2017-06-29', 5, 5, 5, 5, 5, 5),
(12952, 'MUMBAI RAJDHANI', '2017-06-30', 5, 5, 5, 5, 5, 5),
(12952, 'MUMBAI RAJDHANI', '2017-07-01', 5, 5, 5, 5, 5, 5),
(12952, 'MUMBAI RAJDHANI', '2017-07-02', 5, 5, 5, 5, 5, 5),
(12952, 'MUMBAI RAJDHANI', '2017-07-03', 5, 5, 5, 5, 5, 5),
(12952, 'MUMBAI RAJDHANI', '2017-07-04', 5, 5, 5, 5, 5, 5),
(12952, 'MUMBAI RAJDHANI', '2017-07-05', 5, 5, 5, 5, 5, 5),
(12952, 'MUMBAI RAJDHANI', '2017-07-06', 5, 5, 5, 5, 5, 5),
(12952, 'MUMBAI RAJDHANI', '2017-07-07', 5, 5, 5, 5, 5, 5),
(12952, 'MUMBAI RAJDHANI', '2017-07-08', 5, 5, 5, 5, 5, 5),
(19011, 'GUJARAT EXPRESS', '2017-04-10', 5, 5, 5, 5, 5, 5),
(19011, 'GUJARAT EXPRESS', '2017-04-11', 5, 5, 5, 5, 5, 5),
(19011, 'GUJARAT EXPRESS', '2017-04-12', 5, 5, 5, 5, 5, 5),
(19011, 'GUJARAT EXPRESS', '2017-04-13', 5, 5, 5, 5, 5, 5),
(19011, 'GUJARAT EXPRESS', '2017-04-14', 5, 5, 5, 5, 5, 5),
(19011, 'GUJARAT EXPRESS', '2017-04-15', 5, 5, 5, 5, 5, 5),
(19011, 'GUJARAT EXPRESS', '2017-04-16', 5, 5, 5, 5, 5, 5),
(19011, 'GUJARAT EXPRESS', '2017-04-17', 5, 5, 5, 5, 5, 5),
(19011, 'GUJARAT EXPRESS', '2017-04-18', 5, 5, 5, 5, 5, 5),
(19011, 'GUJARAT EXPRESS', '2017-04-19', 5, 5, 5, 5, 5, 5),
(19011, 'GUJARAT EXPRESS', '2017-04-20', 5, 5, 5, 5, 5, 5),
(19011, 'GUJARAT EXPRESS', '2017-04-21', 5, 5, 5, 5, 5, 5),
(19011, 'GUJARAT EXPRESS', '2017-04-22', 5, 5, 5, 5, 5, 5),
(19011, 'GUJARAT EXPRESS', '2017-04-23', 5, 5, 5, 5, 5, 5),
(19011, 'GUJARAT EXPRESS', '2017-04-24', 5, 5, 5, 5, 5, 5),
(19011, 'GUJARAT EXPRESS', '2017-04-25', 5, 5, 5, 5, 5, 5),
(19011, 'GUJARAT EXPRESS', '2017-04-26', 5, 5, 5, 5, 5, 5),
(19011, 'GUJARAT EXPRESS', '2017-04-27', 5, 5, 5, 5, 5, 5),
(19011, 'GUJARAT EXPRESS', '2017-04-28', 5, 5, 5, 5, 5, 5),
(19011, 'GUJARAT EXPRESS', '2017-04-29', 5, 5, 5, 5, 5, 5),
(19011, 'GUJARAT EXPRESS', '2017-04-30', 4, 5, 5, 5, 5, 5),
(19011, 'GUJARAT EXPRESS', '2017-05-01', 5, 5, 5, 5, 5, 5),
(19011, 'GUJARAT EXPRESS', '2017-05-02', 5, 5, 5, 5, 5, 5),
(19011, 'GUJARAT EXPRESS', '2017-05-03', 5, 5, 5, 5, 5, 5),
(19011, 'GUJARAT EXPRESS', '2017-05-04', 5, 5, 5, 5, 5, 5),
(19011, 'GUJARAT EXPRESS', '2017-05-05', 5, 5, 5, 5, 5, 5),
(19011, 'GUJARAT EXPRESS', '2017-05-06', 5, 5, 5, 5, 5, 5),
(19011, 'GUJARAT EXPRESS', '2017-05-07', 5, 5, 5, 5, 5, 5),
(19011, 'GUJARAT EXPRESS', '2017-05-08', 5, 5, 5, 5, 5, 5),
(19011, 'GUJARAT EXPRESS', '2017-05-09', 5, 5, 5, 5, 5, 5),
(19011, 'GUJARAT EXPRESS', '2017-05-10', 5, 5, 5, 5, 5, 5),
(19011, 'GUJARAT EXPRESS', '2017-05-11', 5, 5, 5, 5, 5, 5),
(19011, 'GUJARAT EXPRESS', '2017-05-12', 5, 5, 5, 5, 5, 5),
(19011, 'GUJARAT EXPRESS', '2017-05-13', 5, 5, 5, 5, 5, 5),
(19011, 'GUJARAT EXPRESS', '2017-05-14', 5, 5, 5, 5, 5, 5),
(19011, 'GUJARAT EXPRESS', '2017-05-15', 5, 5, 5, 5, 5, 5),
(19011, 'GUJARAT EXPRESS', '2017-05-16', 5, 5, 5, 5, 5, 5),
(19011, 'GUJARAT EXPRESS', '2017-05-17', 5, 5, 5, 5, 5, 5),
(19011, 'GUJARAT EXPRESS', '2017-05-18', 5, 5, 5, 5, 5, 5),
(19011, 'GUJARAT EXPRESS', '2017-05-19', 5, 5, 5, 5, 5, 5),
(19011, 'GUJARAT EXPRESS', '2017-05-20', 5, 5, 5, 5, 5, 5),
(19011, 'GUJARAT EXPRESS', '2017-05-21', 5, 5, 5, 5, 5, 5),
(19011, 'GUJARAT EXPRESS', '2017-05-22', 5, 5, 5, 5, 5, 5),
(19011, 'GUJARAT EXPRESS', '2017-05-23', 5, 5, 5, 5, 5, 5),
(19011, 'GUJARAT EXPRESS', '2017-05-24', 5, 5, 5, 5, 5, 5),
(19011, 'GUJARAT EXPRESS', '2017-05-25', 5, 5, 5, 5, 5, 5),
(19011, 'GUJARAT EXPRESS', '2017-05-26', 5, 5, 5, 5, 5, 5),
(19011, 'GUJARAT EXPRESS', '2017-05-27', 5, 5, 5, 5, 5, 5),
(19011, 'GUJARAT EXPRESS', '2017-05-28', 5, 5, 5, 5, 5, 5),
(19011, 'GUJARAT EXPRESS', '2017-05-29', 5, 5, 5, 5, 5, 5),
(19011, 'GUJARAT EXPRESS', '2017-05-30', 5, 5, 5, 5, 5, 5),
(19011, 'GUJARAT EXPRESS', '2017-05-31', 5, 5, 5, 5, 5, 5),
(19011, 'GUJARAT EXPRESS', '2017-06-01', 5, 5, 5, 5, 5, 5),
(19011, 'GUJARAT EXPRESS', '2017-06-02', 5, 5, 5, 5, 5, 5),
(19011, 'GUJARAT EXPRESS', '2017-06-03', 5, 5, 5, 5, 5, 5),
(19011, 'GUJARAT EXPRESS', '2017-06-04', 5, 5, 5, 5, 5, 5),
(19011, 'GUJARAT EXPRESS', '2017-06-05', 5, 5, 5, 5, 5, 5),
(19011, 'GUJARAT EXPRESS', '2017-06-06', 5, 5, 5, 5, 5, 5),
(19011, 'GUJARAT EXPRESS', '2017-06-07', 5, 5, 5, 5, 5, 5),
(19011, 'GUJARAT EXPRESS', '2017-06-08', 5, 5, 5, 5, 5, 5),
(19011, 'GUJARAT EXPRESS', '2017-06-09', 5, 5, 5, 5, 5, 5),
(19011, 'GUJARAT EXPRESS', '2017-06-10', 5, 5, 5, 5, 5, 5),
(19011, 'GUJARAT EXPRESS', '2017-06-11', 5, 5, 5, 5, 5, 5),
(19011, 'GUJARAT EXPRESS', '2017-06-12', 5, 5, 5, 5, 5, 5),
(19011, 'GUJARAT EXPRESS', '2017-06-13', 5, 5, 5, 5, 5, 5),
(19011, 'GUJARAT EXPRESS', '2017-06-14', 5, 5, 5, 5, 5, 5),
(19011, 'GUJARAT EXPRESS', '2017-06-15', 5, 5, 5, 5, 5, 5),
(19011, 'GUJARAT EXPRESS', '2017-06-16', 5, 5, 5, 5, 5, 5),
(19011, 'GUJARAT EXPRESS', '2017-06-17', 5, 5, 5, 5, 5, 5),
(19011, 'GUJARAT EXPRESS', '2017-06-18', 5, 5, 5, 5, 5, 5),
(19011, 'GUJARAT EXPRESS', '2017-06-19', 5, 5, 5, 5, 5, 5),
(19011, 'GUJARAT EXPRESS', '2017-06-20', 5, 5, 5, 5, 5, 5),
(19011, 'GUJARAT EXPRESS', '2017-06-21', 5, 5, 5, 5, 5, 5),
(19011, 'GUJARAT EXPRESS', '2017-06-22', 5, 5, 5, 5, 5, 5),
(19011, 'GUJARAT EXPRESS', '2017-06-23', 5, 5, 5, 5, 5, 5),
(19011, 'GUJARAT EXPRESS', '2017-06-24', 5, 5, 5, 5, 5, 5),
(19011, 'GUJARAT EXPRESS', '2017-06-25', 5, 5, 5, 5, 5, 5),
(19011, 'GUJARAT EXPRESS', '2017-06-26', 5, 5, 5, 5, 5, 5),
(19011, 'GUJARAT EXPRESS', '2017-06-27', 5, 5, 5, 5, 5, 5),
(19011, 'GUJARAT EXPRESS', '2017-06-28', 5, 5, 5, 5, 5, 5),
(19011, 'GUJARAT EXPRESS', '2017-06-29', 5, 5, 5, 5, 5, 5),
(19011, 'GUJARAT EXPRESS', '2017-06-30', 5, 5, 5, 5, 5, 5),
(19011, 'GUJARAT EXPRESS', '2017-07-01', 5, 5, 5, 5, 5, 5),
(19011, 'GUJARAT EXPRESS', '2017-07-02', 5, 5, 5, 5, 5, 5),
(19011, 'GUJARAT EXPRESS', '2017-07-03', 5, 5, 5, 5, 5, 5),
(19011, 'GUJARAT EXPRESS', '2017-07-04', 5, 5, 5, 5, 5, 5),
(19011, 'GUJARAT EXPRESS', '2017-07-05', 5, 5, 5, 5, 5, 5),
(19011, 'GUJARAT EXPRESS', '2017-07-06', 5, 5, 5, 5, 5, 5),
(19011, 'GUJARAT EXPRESS', '2017-07-07', 5, 5, 5, 5, 5, 5),
(19011, 'GUJARAT EXPRESS', '2017-07-08', 5, 5, 5, 5, 5, 5),
(22210, 'BCT DURONTO', '2017-04-10', 5, 5, 5, 5, 5, 5),
(22210, 'BCT DURONTO', '2017-04-11', 5, 5, 5, 5, 5, 5),
(22210, 'BCT DURONTO', '2017-04-12', 5, 5, 5, 5, 5, 5),
(22210, 'BCT DURONTO', '2017-04-13', 5, 5, 5, 5, 5, 5),
(22210, 'BCT DURONTO', '2017-04-14', 5, 5, 5, 5, 5, 5),
(22210, 'BCT DURONTO', '2017-04-15', 5, 5, 5, 5, 5, 5),
(22210, 'BCT DURONTO', '2017-04-16', 5, 5, 5, 5, 5, 5),
(22210, 'BCT DURONTO', '2017-04-17', 5, 5, 5, 5, 5, 5),
(22210, 'BCT DURONTO', '2017-04-18', 5, 5, 5, 5, 5, 5),
(22210, 'BCT DURONTO', '2017-04-19', 5, 5, 5, 5, 5, 5),
(22210, 'BCT DURONTO', '2017-04-20', 5, 5, 5, 5, 5, 5),
(22210, 'BCT DURONTO', '2017-04-21', 5, 5, 5, 5, 5, 5),
(22210, 'BCT DURONTO', '2017-04-22', 5, 5, 5, 5, 5, 5),
(22210, 'BCT DURONTO', '2017-04-23', 5, 5, 5, 5, 5, 5),
(22210, 'BCT DURONTO', '2017-04-24', 5, 5, 5, 5, 5, 5),
(22210, 'BCT DURONTO', '2017-04-25', 5, 5, 5, 5, 5, 5),
(22210, 'BCT DURONTO', '2017-04-26', 5, 5, 5, 5, 5, 5),
(22210, 'BCT DURONTO', '2017-04-27', 5, 5, 5, 5, 5, 5),
(22210, 'BCT DURONTO', '2017-04-28', 5, 5, 5, 5, 5, 5),
(22210, 'BCT DURONTO', '2017-04-29', 5, 5, 5, 5, 5, 5),
(22210, 'BCT DURONTO', '2017-04-30', 5, 5, 5, 5, 5, 5),
(22210, 'BCT DURONTO', '2017-05-01', 5, 5, 5, 5, 5, 5),
(22210, 'BCT DURONTO', '2017-05-02', 5, 5, 5, 5, 5, 5),
(22210, 'BCT DURONTO', '2017-05-03', 5, 5, 5, 5, 5, 5),
(22210, 'BCT DURONTO', '2017-05-04', 5, 5, 5, 5, 5, 5),
(22210, 'BCT DURONTO', '2017-05-05', 5, 5, 5, 5, 5, 5),
(22210, 'BCT DURONTO', '2017-05-06', 5, 5, 5, 5, 5, 5),
(22210, 'BCT DURONTO', '2017-05-07', 5, 5, 5, 5, 5, 5),
(22210, 'BCT DURONTO', '2017-05-08', 5, 5, 5, 5, 5, 5),
(22210, 'BCT DURONTO', '2017-05-09', 5, 5, 5, 5, 5, 5),
(22210, 'BCT DURONTO', '2017-05-10', 5, 5, 5, 5, 5, 5),
(22210, 'BCT DURONTO', '2017-05-11', 5, 5, 5, 5, 5, 5),
(22210, 'BCT DURONTO', '2017-05-12', 5, 5, 5, 5, 5, 5),
(22210, 'BCT DURONTO', '2017-05-13', 5, 5, 5, 5, 5, 5),
(22210, 'BCT DURONTO', '2017-05-14', 5, 5, 5, 5, 5, 5),
(22210, 'BCT DURONTO', '2017-05-15', 5, 5, 5, 5, 5, 5),
(22210, 'BCT DURONTO', '2017-05-16', 5, 5, 5, 5, 5, 5),
(22210, 'BCT DURONTO', '2017-05-17', 5, 5, 5, 5, 5, 5),
(22210, 'BCT DURONTO', '2017-05-18', 5, 5, 5, 5, 5, 5),
(22210, 'BCT DURONTO', '2017-05-19', 5, 5, 5, 5, 5, 5),
(22210, 'BCT DURONTO', '2017-05-20', 5, 5, 5, 5, 5, 5),
(22210, 'BCT DURONTO', '2017-05-21', 5, 5, 5, 5, 5, 5),
(22210, 'BCT DURONTO', '2017-05-22', 5, 5, 5, 5, 5, 5),
(22210, 'BCT DURONTO', '2017-05-23', 5, 5, 5, 5, 5, 5),
(22210, 'BCT DURONTO', '2017-05-24', 5, 5, 5, 5, 5, 5),
(22210, 'BCT DURONTO', '2017-05-25', 5, 5, 5, 5, 5, 5),
(22210, 'BCT DURONTO', '2017-05-26', 5, 5, 5, 5, 5, 5),
(22210, 'BCT DURONTO', '2017-05-27', 5, 5, 5, 5, 5, 5),
(22210, 'BCT DURONTO', '2017-05-28', 5, 5, 5, 5, 5, 5),
(22210, 'BCT DURONTO', '2017-05-29', 5, 5, 5, 5, 5, 5),
(22210, 'BCT DURONTO', '2017-05-30', 5, 5, 5, 5, 5, 5),
(22210, 'BCT DURONTO', '2017-05-31', 5, 5, 5, 5, 5, 5),
(22210, 'BCT DURONTO', '2017-06-01', 5, 5, 5, 5, 5, 5),
(22210, 'BCT DURONTO', '2017-06-02', 5, 5, 5, 5, 5, 5),
(22210, 'BCT DURONTO', '2017-06-03', 5, 5, 5, 5, 5, 5),
(22210, 'BCT DURONTO', '2017-06-04', 5, 5, 5, 5, 5, 5),
(22210, 'BCT DURONTO', '2017-06-05', 5, 5, 5, 5, 5, 5),
(22210, 'BCT DURONTO', '2017-06-06', 5, 5, 5, 5, 5, 5),
(22210, 'BCT DURONTO', '2017-06-07', 5, 5, 5, 5, 5, 5),
(22210, 'BCT DURONTO', '2017-06-08', 5, 5, 5, 5, 5, 5),
(22210, 'BCT DURONTO', '2017-06-09', 5, 5, 5, 5, 5, 5),
(22210, 'BCT DURONTO', '2017-06-10', 5, 5, 5, 5, 5, 5),
(22210, 'BCT DURONTO', '2017-06-11', 5, 5, 5, 5, 5, 5),
(22210, 'BCT DURONTO', '2017-06-12', 5, 5, 5, 5, 5, 5),
(22210, 'BCT DURONTO', '2017-06-13', 5, 5, 5, 5, 5, 5),
(22210, 'BCT DURONTO', '2017-06-14', 5, 5, 5, 5, 5, 5),
(22210, 'BCT DURONTO', '2017-06-15', 5, 5, 5, 5, 5, 5),
(22210, 'BCT DURONTO', '2017-06-16', 5, 5, 5, 5, 5, 5),
(22210, 'BCT DURONTO', '2017-06-17', 5, 5, 5, 5, 5, 5),
(22210, 'BCT DURONTO', '2017-06-18', 5, 5, 5, 5, 5, 5),
(22210, 'BCT DURONTO', '2017-06-19', 5, 5, 5, 5, 5, 5),
(22210, 'BCT DURONTO', '2017-06-20', 5, 5, 5, 5, 5, 5),
(22210, 'BCT DURONTO', '2017-06-21', 5, 5, 5, 5, 5, 5),
(22210, 'BCT DURONTO', '2017-06-22', 5, 5, 5, 5, 5, 5),
(22210, 'BCT DURONTO', '2017-06-23', 5, 5, 5, 5, 5, 5),
(22210, 'BCT DURONTO', '2017-06-24', 5, 5, 5, 5, 5, 5),
(22210, 'BCT DURONTO', '2017-06-25', 5, 5, 5, 5, 5, 5),
(22210, 'BCT DURONTO', '2017-06-26', 5, 5, 5, 5, 5, 5),
(22210, 'BCT DURONTO', '2017-06-27', 5, 5, 5, 5, 5, 5),
(22210, 'BCT DURONTO', '2017-06-28', 5, 5, 5, 5, 5, 5),
(22210, 'BCT DURONTO', '2017-06-29', 5, 5, 5, 5, 5, 5),
(22210, 'BCT DURONTO', '2017-06-30', 5, 5, 5, 5, 5, 5),
(22210, 'BCT DURONTO', '2017-07-01', 5, 5, 5, 5, 5, 5),
(22210, 'BCT DURONTO', '2017-07-02', 5, 5, 5, 5, 5, 5),
(22210, 'BCT DURONTO', '2017-07-03', 5, 5, 5, 5, 5, 5),
(22210, 'BCT DURONTO', '2017-07-04', 5, 5, 5, 5, 5, 5),
(22210, 'BCT DURONTO', '2017-07-05', 5, 5, 5, 5, 5, 5),
(22210, 'BCT DURONTO', '2017-07-06', 5, 5, 5, 5, 5, 5),
(22210, 'BCT DURONTO', '2017-07-07', 5, 5, 5, 5, 5, 5),
(22210, 'BCT DURONTO', '2017-07-08', 5, 5, 5, 5, 5, 5),
(22220, 'BCT DURONTO', '2017-04-10', 5, 5, 5, 5, 5, 5),
(22220, 'BCT DURONTO', '2017-04-11', 5, 5, 5, 5, 5, 5),
(22220, 'BCT DURONTO', '2017-04-12', 5, 5, 5, 5, 5, 5),
(22220, 'BCT DURONTO', '2017-04-13', 5, 5, 5, 5, 5, 5),
(22220, 'BCT DURONTO', '2017-04-14', 5, 5, 5, 5, 5, 5),
(22220, 'BCT DURONTO', '2017-04-15', 5, 5, 5, 5, 5, 5),
(22220, 'BCT DURONTO', '2017-04-16', 5, 5, 5, 5, 5, 5),
(22220, 'BCT DURONTO', '2017-04-17', 5, 5, 5, 5, 5, 5),
(22220, 'BCT DURONTO', '2017-04-18', 5, 5, 5, 5, 5, 5),
(22220, 'BCT DURONTO', '2017-04-19', 5, 5, 5, 5, 5, 5),
(22220, 'BCT DURONTO', '2017-04-20', 5, 5, 5, 5, 5, 5),
(22220, 'BCT DURONTO', '2017-04-21', 5, 5, 5, 5, 5, 5),
(22220, 'BCT DURONTO', '2017-04-22', 5, 5, 5, 5, 5, 5),
(22220, 'BCT DURONTO', '2017-04-23', 5, 5, 5, 5, 5, 5),
(22220, 'BCT DURONTO', '2017-04-24', 5, 5, 5, 5, 5, 5),
(22220, 'BCT DURONTO', '2017-04-25', 5, 5, 5, 5, 5, 5),
(22220, 'BCT DURONTO', '2017-04-26', 5, 5, 5, 5, 5, 5),
(22220, 'BCT DURONTO', '2017-04-27', 5, 5, 5, 5, 5, 5),
(22220, 'BCT DURONTO', '2017-04-28', 5, 5, 5, 5, 5, 5),
(22220, 'BCT DURONTO', '2017-04-29', 5, 5, 5, 5, 5, 5),
(22220, 'BCT DURONTO', '2017-04-30', 5, 5, 5, 5, 5, 5),
(22220, 'BCT DURONTO', '2017-05-01', 5, 5, 5, 5, 5, 5),
(22220, 'BCT DURONTO', '2017-05-02', 5, 5, 5, 5, 5, 5),
(22220, 'BCT DURONTO', '2017-05-03', 5, 5, 5, 5, 5, 5),
(22220, 'BCT DURONTO', '2017-05-04', 5, 5, 5, 5, 5, 5),
(22220, 'BCT DURONTO', '2017-05-05', 5, 5, 5, 5, 5, 5),
(22220, 'BCT DURONTO', '2017-05-06', 5, 5, 5, 5, 5, 5),
(22220, 'BCT DURONTO', '2017-05-07', 5, 5, 5, 5, 5, 5),
(22220, 'BCT DURONTO', '2017-05-08', 5, 5, 5, 5, 5, 5),
(22220, 'BCT DURONTO', '2017-05-09', 5, 5, 5, 5, 5, 5),
(22220, 'BCT DURONTO', '2017-05-10', 5, 5, 5, 5, 5, 5),
(22220, 'BCT DURONTO', '2017-05-11', 5, 5, 5, 5, 5, 5),
(22220, 'BCT DURONTO', '2017-05-12', 5, 5, 5, 5, 5, 5),
(22220, 'BCT DURONTO', '2017-05-13', 5, 5, 5, 5, 5, 5),
(22220, 'BCT DURONTO', '2017-05-14', 5, 5, 5, 5, 5, 5),
(22220, 'BCT DURONTO', '2017-05-15', 5, 5, 5, 5, 5, 5),
(22220, 'BCT DURONTO', '2017-05-16', 5, 5, 5, 5, 5, 5),
(22220, 'BCT DURONTO', '2017-05-17', 5, 5, 5, 5, 5, 5),
(22220, 'BCT DURONTO', '2017-05-18', 5, 5, 5, 5, 5, 5),
(22220, 'BCT DURONTO', '2017-05-19', 5, 5, 5, 5, 5, 5),
(22220, 'BCT DURONTO', '2017-05-20', 5, 5, 5, 5, 5, 5),
(22220, 'BCT DURONTO', '2017-05-21', 5, 5, 5, 5, 5, 5),
(22220, 'BCT DURONTO', '2017-05-22', 5, 5, 5, 5, 5, 5),
(22220, 'BCT DURONTO', '2017-05-23', 5, 5, 5, 5, 5, 5),
(22220, 'BCT DURONTO', '2017-05-24', 5, 5, 5, 5, 5, 5),
(22220, 'BCT DURONTO', '2017-05-25', 5, 5, 5, 5, 5, 5),
(22220, 'BCT DURONTO', '2017-05-26', 5, 5, 5, 5, 5, 5),
(22220, 'BCT DURONTO', '2017-05-27', 5, 5, 5, 5, 5, 5),
(22220, 'BCT DURONTO', '2017-05-28', 5, 5, 5, 5, 5, 5),
(22220, 'BCT DURONTO', '2017-05-29', 5, 5, 5, 5, 5, 5),
(22220, 'BCT DURONTO', '2017-05-30', 5, 5, 5, 5, 5, 5),
(22220, 'BCT DURONTO', '2017-05-31', 5, 5, 5, 5, 5, 5),
(22220, 'BCT DURONTO', '2017-06-01', 5, 5, 5, 5, 5, 5),
(22220, 'BCT DURONTO', '2017-06-02', 5, 5, 5, 5, 5, 5),
(22220, 'BCT DURONTO', '2017-06-03', 5, 5, 5, 5, 5, 5),
(22220, 'BCT DURONTO', '2017-06-04', 5, 5, 5, 5, 5, 5),
(22220, 'BCT DURONTO', '2017-06-05', 5, 5, 5, 5, 5, 5),
(22220, 'BCT DURONTO', '2017-06-06', 5, 5, 5, 5, 5, 5),
(22220, 'BCT DURONTO', '2017-06-07', 5, 5, 5, 5, 5, 5),
(22220, 'BCT DURONTO', '2017-06-08', 5, 5, 5, 5, 5, 5),
(22220, 'BCT DURONTO', '2017-06-09', 5, 5, 5, 5, 5, 5),
(22220, 'BCT DURONTO', '2017-06-10', 5, 5, 5, 5, 5, 5),
(22220, 'BCT DURONTO', '2017-06-11', 5, 5, 5, 5, 5, 5),
(22220, 'BCT DURONTO', '2017-06-12', 5, 5, 5, 5, 5, 5),
(22220, 'BCT DURONTO', '2017-06-13', 5, 5, 5, 5, 5, 5),
(22220, 'BCT DURONTO', '2017-06-14', 5, 5, 5, 5, 5, 5),
(22220, 'BCT DURONTO', '2017-06-15', 5, 5, 5, 5, 5, 5),
(22220, 'BCT DURONTO', '2017-06-16', 5, 5, 5, 5, 5, 5),
(22220, 'BCT DURONTO', '2017-06-17', 5, 5, 5, 5, 5, 5),
(22220, 'BCT DURONTO', '2017-06-18', 5, 5, 5, 5, 5, 5),
(22220, 'BCT DURONTO', '2017-06-19', 5, 5, 5, 5, 5, 5),
(22220, 'BCT DURONTO', '2017-06-20', 5, 5, 5, 5, 5, 5),
(22220, 'BCT DURONTO', '2017-06-21', 5, 5, 5, 5, 5, 5),
(22220, 'BCT DURONTO', '2017-06-22', 5, 5, 5, 5, 5, 5),
(22220, 'BCT DURONTO', '2017-06-23', 5, 5, 5, 5, 5, 5),
(22220, 'BCT DURONTO', '2017-06-24', 5, 5, 5, 5, 5, 5),
(22220, 'BCT DURONTO', '2017-06-25', 5, 5, 5, 5, 5, 5),
(22220, 'BCT DURONTO', '2017-06-26', 5, 5, 5, 5, 5, 5),
(22220, 'BCT DURONTO', '2017-06-27', 5, 5, 5, 5, 5, 5),
(22220, 'BCT DURONTO', '2017-06-28', 5, 5, 5, 5, 5, 5),
(22220, 'BCT DURONTO', '2017-06-29', 5, 5, 5, 5, 5, 5),
(22220, 'BCT DURONTO', '2017-06-30', 5, 5, 5, 5, 5, 5),
(22220, 'BCT DURONTO', '2017-07-01', 5, 5, 5, 5, 5, 5),
(22220, 'BCT DURONTO', '2017-07-02', 5, 5, 5, 5, 5, 5),
(22220, 'BCT DURONTO', '2017-07-03', 5, 5, 5, 5, 5, 5),
(22220, 'BCT DURONTO', '2017-07-04', 5, 5, 5, 5, 5, 5),
(22220, 'BCT DURONTO', '2017-07-05', 5, 5, 5, 5, 5, 5),
(22220, 'BCT DURONTO', '2017-07-06', 5, 5, 5, 5, 5, 5),
(22220, 'BCT DURONTO', '2017-07-07', 5, 5, 5, 5, 5, 5),
(22220, 'BCT DURONTO', '2017-07-08', 5, 5, 5, 5, 5, 5),
(22222, 'BCT DURONTO', '2017-04-10', 5, 5, 5, 5, 5, 5),
(22222, 'BCT DURONTO', '2017-04-11', 5, 5, 5, 5, 5, 5),
(22222, 'BCT DURONTO', '2017-04-12', 5, 5, 5, 5, 5, 5),
(22222, 'BCT DURONTO', '2017-04-13', 5, 5, 5, 5, 5, 5),
(22222, 'BCT DURONTO', '2017-04-14', 5, 5, 5, 5, 5, 5),
(22222, 'BCT DURONTO', '2017-04-15', 5, 5, 5, 5, 5, 5),
(22222, 'BCT DURONTO', '2017-04-16', 5, 5, 5, 5, 5, 5),
(22222, 'BCT DURONTO', '2017-04-17', 5, 5, 5, 5, 5, 5),
(22222, 'BCT DURONTO', '2017-04-18', 5, 5, 5, 5, 5, 5),
(22222, 'BCT DURONTO', '2017-04-19', 5, 5, 5, 5, 5, 5),
(22222, 'BCT DURONTO', '2017-04-20', 5, 5, 5, 5, 5, 5),
(22222, 'BCT DURONTO', '2017-04-21', 5, 5, 5, 5, 5, 5),
(22222, 'BCT DURONTO', '2017-04-22', 5, 5, 5, 5, 5, 5),
(22222, 'BCT DURONTO', '2017-04-23', 5, 5, 5, 5, 5, 5),
(22222, 'BCT DURONTO', '2017-04-24', 5, 5, 5, 5, 5, 5),
(22222, 'BCT DURONTO', '2017-04-25', 5, 5, 5, 5, 5, 5),
(22222, 'BCT DURONTO', '2017-04-26', 5, 5, 5, 5, 5, 5),
(22222, 'BCT DURONTO', '2017-04-27', 5, 5, 5, 5, 5, 5),
(22222, 'BCT DURONTO', '2017-04-28', 5, 5, 5, 5, 5, 5),
(22222, 'BCT DURONTO', '2017-04-29', 5, 5, 5, 5, 5, 5),
(22222, 'BCT DURONTO', '2017-04-30', 5, 5, 5, 5, 5, 5),
(22222, 'BCT DURONTO', '2017-05-01', 5, 5, 5, 5, 5, 5),
(22222, 'BCT DURONTO', '2017-05-02', 5, 5, 5, 5, 5, 5),
(22222, 'BCT DURONTO', '2017-05-03', 5, 5, 5, 5, 5, 5),
(22222, 'BCT DURONTO', '2017-05-04', 5, 5, 5, 5, 5, 5),
(22222, 'BCT DURONTO', '2017-05-05', 5, 5, 5, 5, 5, 5),
(22222, 'BCT DURONTO', '2017-05-06', 5, 5, 5, 5, 5, 5),
(22222, 'BCT DURONTO', '2017-05-07', 5, 5, 5, 5, 5, 5),
(22222, 'BCT DURONTO', '2017-05-08', 5, 5, 5, 5, 5, 5),
(22222, 'BCT DURONTO', '2017-05-09', 5, 5, 5, 5, 5, 5),
(22222, 'BCT DURONTO', '2017-05-10', 5, 5, 5, 5, 5, 5),
(22222, 'BCT DURONTO', '2017-05-11', 5, 5, 5, 5, 5, 5),
(22222, 'BCT DURONTO', '2017-05-12', 5, 5, 5, 5, 5, 5),
(22222, 'BCT DURONTO', '2017-05-13', 5, 5, 5, 5, 5, 5),
(22222, 'BCT DURONTO', '2017-05-14', 5, 5, 5, 5, 5, 5),
(22222, 'BCT DURONTO', '2017-05-15', 5, 5, 5, 5, 5, 5),
(22222, 'BCT DURONTO', '2017-05-16', 5, 5, 5, 5, 5, 5),
(22222, 'BCT DURONTO', '2017-05-17', 5, 5, 5, 5, 5, 5),
(22222, 'BCT DURONTO', '2017-05-18', 5, 5, 5, 5, 5, 5),
(22222, 'BCT DURONTO', '2017-05-19', 5, 5, 5, 5, 5, 5),
(22222, 'BCT DURONTO', '2017-05-20', 5, 5, 5, 5, 5, 5),
(22222, 'BCT DURONTO', '2017-05-21', 5, 5, 5, 5, 5, 5),
(22222, 'BCT DURONTO', '2017-05-22', 5, 5, 5, 5, 5, 5),
(22222, 'BCT DURONTO', '2017-05-23', 5, 5, 5, 5, 5, 5),
(22222, 'BCT DURONTO', '2017-05-24', 5, 5, 5, 5, 5, 5),
(22222, 'BCT DURONTO', '2017-05-25', 5, 5, 5, 5, 5, 5),
(22222, 'BCT DURONTO', '2017-05-26', 5, 5, 5, 5, 5, 5),
(22222, 'BCT DURONTO', '2017-05-27', 5, 5, 5, 5, 5, 5),
(22222, 'BCT DURONTO', '2017-05-28', 5, 5, 5, 5, 5, 5),
(22222, 'BCT DURONTO', '2017-05-29', 5, 5, 5, 5, 5, 5),
(22222, 'BCT DURONTO', '2017-05-30', 5, 5, 5, 5, 5, 5),
(22222, 'BCT DURONTO', '2017-05-31', 5, 5, 5, 5, 5, 5),
(22222, 'BCT DURONTO', '2017-06-01', 5, 5, 5, 5, 5, 5),
(22222, 'BCT DURONTO', '2017-06-02', 5, 5, 5, 5, 5, 5),
(22222, 'BCT DURONTO', '2017-06-03', 5, 5, 5, 5, 5, 5),
(22222, 'BCT DURONTO', '2017-06-04', 5, 5, 5, 5, 5, 5),
(22222, 'BCT DURONTO', '2017-06-05', 5, 5, 5, 5, 5, 5),
(22222, 'BCT DURONTO', '2017-06-06', 5, 5, 5, 5, 5, 5),
(22222, 'BCT DURONTO', '2017-06-07', 5, 5, 5, 5, 5, 5),
(22222, 'BCT DURONTO', '2017-06-08', 5, 5, 5, 5, 5, 5),
(22222, 'BCT DURONTO', '2017-06-09', 5, 5, 5, 5, 5, 5),
(22222, 'BCT DURONTO', '2017-06-10', 5, 5, 5, 5, 5, 5),
(22222, 'BCT DURONTO', '2017-06-11', 5, 5, 5, 5, 5, 5),
(22222, 'BCT DURONTO', '2017-06-12', 5, 5, 5, 5, 5, 5),
(22222, 'BCT DURONTO', '2017-06-13', 5, 5, 5, 5, 5, 5),
(22222, 'BCT DURONTO', '2017-06-14', 5, 5, 5, 5, 5, 5),
(22222, 'BCT DURONTO', '2017-06-15', 5, 5, 5, 5, 5, 5),
(22222, 'BCT DURONTO', '2017-06-16', 5, 5, 5, 5, 5, 5),
(22222, 'BCT DURONTO', '2017-06-17', 5, 5, 5, 5, 5, 5),
(22222, 'BCT DURONTO', '2017-06-18', 5, 5, 5, 5, 5, 5),
(22222, 'BCT DURONTO', '2017-06-19', 5, 5, 5, 5, 5, 5),
(22222, 'BCT DURONTO', '2017-06-20', 5, 5, 5, 5, 5, 5),
(22222, 'BCT DURONTO', '2017-06-21', 5, 5, 5, 5, 5, 5),
(22222, 'BCT DURONTO', '2017-06-22', 5, 5, 5, 5, 5, 5),
(22222, 'BCT DURONTO', '2017-06-23', 5, 5, 5, 5, 5, 5),
(22222, 'BCT DURONTO', '2017-06-24', 5, 5, 5, 5, 5, 5),
(22222, 'BCT DURONTO', '2017-06-25', 5, 5, 5, 5, 5, 5),
(22222, 'BCT DURONTO', '2017-06-26', 5, 5, 5, 5, 5, 5),
(22222, 'BCT DURONTO', '2017-06-27', 5, 5, 5, 5, 5, 5),
(22222, 'BCT DURONTO', '2017-06-28', 5, 5, 5, 5, 5, 5),
(22222, 'BCT DURONTO', '2017-06-29', 5, 5, 5, 5, 5, 5),
(22222, 'BCT DURONTO', '2017-06-30', 5, 5, 5, 5, 5, 5),
(22222, 'BCT DURONTO', '2017-07-01', 5, 5, 5, 5, 5, 5),
(22222, 'BCT DURONTO', '2017-07-02', 5, 5, 5, 5, 5, 5),
(22222, 'BCT DURONTO', '2017-07-03', 5, 5, 5, 5, 5, 5),
(22222, 'BCT DURONTO', '2017-07-04', 5, 5, 5, 5, 5, 5),
(22222, 'BCT DURONTO', '2017-07-05', 5, 5, 5, 5, 5, 5),
(22222, 'BCT DURONTO', '2017-07-06', 5, 5, 5, 5, 5, 5),
(22222, 'BCT DURONTO', '2017-07-07', 5, 5, 5, 5, 5, 5),
(22222, 'BCT DURONTO', '2017-07-08', 5, 5, 5, 5, 5, 5),
(25222, 'BCT DURONTO', '2017-04-10', 5, 5, 5, 5, 5, 5),
(25222, 'BCT DURONTO', '2017-04-11', 5, 5, 5, 5, 5, 5),
(25222, 'BCT DURONTO', '2017-04-12', 5, 5, 5, 5, 5, 5),
(25222, 'BCT DURONTO', '2017-04-13', 5, 5, 5, 5, 5, 5),
(25222, 'BCT DURONTO', '2017-04-14', 5, 5, 5, 5, 5, 5),
(25222, 'BCT DURONTO', '2017-04-15', 5, 5, 5, 5, 5, 5),
(25222, 'BCT DURONTO', '2017-04-16', 5, 5, 5, 5, 5, 5),
(25222, 'BCT DURONTO', '2017-04-17', 5, 5, 5, 5, 5, 5),
(25222, 'BCT DURONTO', '2017-04-18', 5, 5, 5, 5, 5, 5),
(25222, 'BCT DURONTO', '2017-04-19', 5, 5, 5, 5, 5, 5),
(25222, 'BCT DURONTO', '2017-04-20', 5, 5, 5, 5, 5, 5),
(25222, 'BCT DURONTO', '2017-04-21', 5, 5, 5, 5, 5, 5),
(25222, 'BCT DURONTO', '2017-04-22', 5, 5, 5, 5, 5, 5),
(25222, 'BCT DURONTO', '2017-04-23', 5, 5, 5, 5, 5, 5),
(25222, 'BCT DURONTO', '2017-04-24', 5, 5, 5, 5, 5, 5),
(25222, 'BCT DURONTO', '2017-04-25', 5, 5, 5, 5, 5, 5),
(25222, 'BCT DURONTO', '2017-04-26', 5, 5, 5, 5, 5, 5),
(25222, 'BCT DURONTO', '2017-04-27', 5, 5, 5, 5, 5, 5),
(25222, 'BCT DURONTO', '2017-04-28', 5, 5, 5, 5, 5, 5),
(25222, 'BCT DURONTO', '2017-04-29', 5, 5, 5, 5, 5, 5),
(25222, 'BCT DURONTO', '2017-04-30', 5, 5, 5, 5, 5, 5),
(25222, 'BCT DURONTO', '2017-05-01', 5, 5, 5, 5, 5, 5),
(25222, 'BCT DURONTO', '2017-05-02', 5, 5, 5, 5, 5, 5),
(25222, 'BCT DURONTO', '2017-05-03', 5, 5, 5, 5, 5, 5),
(25222, 'BCT DURONTO', '2017-05-04', 5, 5, 5, 5, 5, 5),
(25222, 'BCT DURONTO', '2017-05-05', 5, 5, 5, 5, 5, 5),
(25222, 'BCT DURONTO', '2017-05-06', 5, 5, 5, 5, 5, 5),
(25222, 'BCT DURONTO', '2017-05-07', 5, 5, 5, 5, 5, 5),
(25222, 'BCT DURONTO', '2017-05-08', 5, 5, 5, 5, 5, 5),
(25222, 'BCT DURONTO', '2017-05-09', 5, 5, 5, 5, 5, 5),
(25222, 'BCT DURONTO', '2017-05-10', 5, 5, 5, 5, 5, 5),
(25222, 'BCT DURONTO', '2017-05-11', 5, 5, 5, 5, 5, 5),
(25222, 'BCT DURONTO', '2017-05-12', 5, 5, 5, 5, 5, 5),
(25222, 'BCT DURONTO', '2017-05-13', 5, 5, 5, 5, 5, 5),
(25222, 'BCT DURONTO', '2017-05-14', 5, 5, 5, 5, 5, 5),
(25222, 'BCT DURONTO', '2017-05-15', 5, 5, 5, 5, 5, 5),
(25222, 'BCT DURONTO', '2017-05-16', 5, 5, 5, 5, 5, 5),
(25222, 'BCT DURONTO', '2017-05-17', 5, 5, 5, 5, 5, 5),
(25222, 'BCT DURONTO', '2017-05-18', 5, 5, 5, 5, 5, 5),
(25222, 'BCT DURONTO', '2017-05-19', 5, 5, 5, 5, 5, 5),
(25222, 'BCT DURONTO', '2017-05-20', 5, 5, 5, 5, 5, 5),
(25222, 'BCT DURONTO', '2017-05-21', 5, 5, 5, 5, 5, 5),
(25222, 'BCT DURONTO', '2017-05-22', 5, 5, 5, 5, 5, 5),
(25222, 'BCT DURONTO', '2017-05-23', 5, 5, 5, 5, 5, 5),
(25222, 'BCT DURONTO', '2017-05-24', 5, 5, 5, 5, 5, 5),
(25222, 'BCT DURONTO', '2017-05-25', 5, 5, 5, 5, 5, 5),
(25222, 'BCT DURONTO', '2017-05-26', 5, 5, 5, 5, 5, 5),
(25222, 'BCT DURONTO', '2017-05-27', 5, 5, 5, 5, 5, 5),
(25222, 'BCT DURONTO', '2017-05-28', 5, 5, 5, 5, 5, 5),
(25222, 'BCT DURONTO', '2017-05-29', 5, 5, 5, 5, 5, 5),
(25222, 'BCT DURONTO', '2017-05-30', 5, 5, 5, 5, 5, 5),
(25222, 'BCT DURONTO', '2017-05-31', 5, 5, 5, 5, 5, 5),
(25222, 'BCT DURONTO', '2017-06-01', 5, 5, 5, 5, 5, 5),
(25222, 'BCT DURONTO', '2017-06-02', 5, 5, 5, 5, 5, 5),
(25222, 'BCT DURONTO', '2017-06-03', 5, 5, 5, 5, 5, 5),
(25222, 'BCT DURONTO', '2017-06-04', 5, 5, 5, 5, 5, 5),
(25222, 'BCT DURONTO', '2017-06-05', 5, 5, 5, 5, 5, 5),
(25222, 'BCT DURONTO', '2017-06-06', 5, 5, 5, 5, 5, 5),
(25222, 'BCT DURONTO', '2017-06-07', 5, 5, 5, 5, 5, 5),
(25222, 'BCT DURONTO', '2017-06-08', 5, 5, 5, 5, 5, 5),
(25222, 'BCT DURONTO', '2017-06-09', 5, 5, 5, 5, 5, 5),
(25222, 'BCT DURONTO', '2017-06-10', 5, 5, 5, 5, 5, 5),
(25222, 'BCT DURONTO', '2017-06-11', 5, 5, 5, 5, 5, 5),
(25222, 'BCT DURONTO', '2017-06-12', 5, 5, 5, 5, 5, 5),
(25222, 'BCT DURONTO', '2017-06-13', 5, 5, 5, 5, 5, 5),
(25222, 'BCT DURONTO', '2017-06-14', 5, 5, 5, 5, 5, 5),
(25222, 'BCT DURONTO', '2017-06-15', 5, 5, 5, 5, 5, 5),
(25222, 'BCT DURONTO', '2017-06-16', 5, 5, 5, 5, 5, 5),
(25222, 'BCT DURONTO', '2017-06-17', 5, 5, 5, 5, 5, 5),
(25222, 'BCT DURONTO', '2017-06-18', 5, 5, 5, 5, 5, 5),
(25222, 'BCT DURONTO', '2017-06-19', 5, 5, 5, 5, 5, 5),
(25222, 'BCT DURONTO', '2017-06-20', 5, 5, 5, 5, 5, 5),
(25222, 'BCT DURONTO', '2017-06-21', 5, 5, 5, 5, 5, 5),
(25222, 'BCT DURONTO', '2017-06-22', 5, 5, 5, 5, 5, 5),
(25222, 'BCT DURONTO', '2017-06-23', 5, 5, 5, 5, 5, 5),
(25222, 'BCT DURONTO', '2017-06-24', 5, 5, 5, 5, 5, 5),
(25222, 'BCT DURONTO', '2017-06-25', 5, 5, 5, 5, 5, 5),
(25222, 'BCT DURONTO', '2017-06-26', 5, 5, 5, 5, 5, 5),
(25222, 'BCT DURONTO', '2017-06-27', 5, 5, 5, 5, 5, 5),
(25222, 'BCT DURONTO', '2017-06-28', 5, 5, 5, 5, 5, 5),
(25222, 'BCT DURONTO', '2017-06-29', 5, 5, 5, 5, 5, 5),
(25222, 'BCT DURONTO', '2017-06-30', 5, 5, 5, 5, 5, 5),
(25222, 'BCT DURONTO', '2017-07-01', 5, 5, 5, 5, 5, 5),
(25222, 'BCT DURONTO', '2017-07-02', 5, 5, 5, 5, 5, 5),
(25222, 'BCT DURONTO', '2017-07-03', 5, 5, 5, 5, 5, 5),
(25222, 'BCT DURONTO', '2017-07-04', 5, 5, 5, 5, 5, 5),
(25222, 'BCT DURONTO', '2017-07-05', 5, 5, 5, 5, 5, 5),
(25222, 'BCT DURONTO', '2017-07-06', 5, 5, 5, 5, 5, 5),
(25222, 'BCT DURONTO', '2017-07-07', 5, 5, 5, 5, 5, 5),
(25222, 'BCT DURONTO', '2017-07-08', 5, 5, 5, 5, 5, 5),
(29333, 'KARNAVATI EXP', '2017-04-10', 5, 5, 5, 5, 5, 5),
(29333, 'KARNAVATI EXP', '2017-04-11', 5, 5, 5, 5, 5, 5),
(29333, 'KARNAVATI EXP', '2017-04-12', 5, 5, 5, 5, 5, 5),
(29333, 'KARNAVATI EXP', '2017-04-13', 5, 5, 5, 5, 5, 5),
(29333, 'KARNAVATI EXP', '2017-04-14', 5, 5, 5, 5, 5, 5),
(29333, 'KARNAVATI EXP', '2017-04-15', 5, 5, 5, 5, 5, 5),
(29333, 'KARNAVATI EXP', '2017-04-16', 5, 5, 5, 5, 5, 5),
(29333, 'KARNAVATI EXP', '2017-04-17', 5, 5, 5, 5, 5, 5),
(29333, 'KARNAVATI EXP', '2017-04-18', 5, 5, 5, 5, 5, 5),
(29333, 'KARNAVATI EXP', '2017-04-19', 5, 5, 5, 5, 5, 5),
(29333, 'KARNAVATI EXP', '2017-04-20', 5, 5, 5, 5, 5, 5),
(29333, 'KARNAVATI EXP', '2017-04-21', 5, 5, 5, 5, 5, 5),
(29333, 'KARNAVATI EXP', '2017-04-22', 5, 5, 5, 5, 5, 5),
(29333, 'KARNAVATI EXP', '2017-04-23', 5, 5, 5, 5, 5, 5),
(29333, 'KARNAVATI EXP', '2017-04-24', 5, 5, 5, 5, 5, 5),
(29333, 'KARNAVATI EXP', '2017-04-25', 5, 5, 5, 5, 5, 5),
(29333, 'KARNAVATI EXP', '2017-04-26', 5, 5, 5, 5, 5, 5),
(29333, 'KARNAVATI EXP', '2017-04-27', 5, 5, 5, 5, 5, 5),
(29333, 'KARNAVATI EXP', '2017-04-28', 5, 5, 5, 5, 5, 5),
(29333, 'KARNAVATI EXP', '2017-04-29', 5, 5, 5, 5, 5, 5),
(29333, 'KARNAVATI EXP', '2017-04-30', 5, 5, 5, 5, 5, 5),
(29333, 'KARNAVATI EXP', '2017-05-01', 5, 5, 5, 5, 5, 5),
(29333, 'KARNAVATI EXP', '2017-05-02', 5, 5, 5, 5, 5, 5),
(29333, 'KARNAVATI EXP', '2017-05-03', 5, 5, 5, 5, 5, 5),
(29333, 'KARNAVATI EXP', '2017-05-04', 5, 5, 5, 5, 5, 5),
(29333, 'KARNAVATI EXP', '2017-05-05', 5, 5, 5, 5, 5, 5),
(29333, 'KARNAVATI EXP', '2017-05-06', 5, 5, 5, 5, 5, 5),
(29333, 'KARNAVATI EXP', '2017-05-07', 5, 5, 5, 5, 5, 5),
(29333, 'KARNAVATI EXP', '2017-05-08', 5, 5, 5, 5, 5, 5),
(29333, 'KARNAVATI EXP', '2017-05-09', 5, 5, 5, 5, 5, 5),
(29333, 'KARNAVATI EXP', '2017-05-10', 5, 5, 5, 5, 5, 5),
(29333, 'KARNAVATI EXP', '2017-05-11', 5, 5, 5, 5, 5, 5),
(29333, 'KARNAVATI EXP', '2017-05-12', 5, 5, 5, 5, 5, 5),
(29333, 'KARNAVATI EXP', '2017-05-13', 5, 5, 5, 5, 5, 5),
(29333, 'KARNAVATI EXP', '2017-05-14', 5, 5, 5, 5, 5, 5),
(29333, 'KARNAVATI EXP', '2017-05-15', 5, 5, 5, 5, 5, 5),
(29333, 'KARNAVATI EXP', '2017-05-16', 5, 5, 5, 5, 5, 5),
(29333, 'KARNAVATI EXP', '2017-05-17', 5, 5, 5, 5, 5, 5),
(29333, 'KARNAVATI EXP', '2017-05-18', 5, 5, 5, 5, 5, 5),
(29333, 'KARNAVATI EXP', '2017-05-19', 5, 5, 5, 5, 5, 5),
(29333, 'KARNAVATI EXP', '2017-05-20', 5, 5, 5, 5, 5, 5),
(29333, 'KARNAVATI EXP', '2017-05-21', 5, 5, 5, 5, 5, 5),
(29333, 'KARNAVATI EXP', '2017-05-22', 5, 5, 5, 5, 5, 5),
(29333, 'KARNAVATI EXP', '2017-05-23', 5, 5, 5, 5, 5, 5),
(29333, 'KARNAVATI EXP', '2017-05-24', 5, 5, 5, 5, 5, 5),
(29333, 'KARNAVATI EXP', '2017-05-25', 5, 5, 5, 5, 5, 5),
(29333, 'KARNAVATI EXP', '2017-05-26', 5, 5, 5, 5, 5, 5),
(29333, 'KARNAVATI EXP', '2017-05-27', 5, 5, 5, 5, 5, 5),
(29333, 'KARNAVATI EXP', '2017-05-28', 5, 5, 5, 5, 5, 5),
(29333, 'KARNAVATI EXP', '2017-05-29', 5, 5, 5, 5, 5, 5),
(29333, 'KARNAVATI EXP', '2017-05-30', 5, 5, 5, 5, 5, 5),
(29333, 'KARNAVATI EXP', '2017-05-31', 5, 5, 5, 5, 5, 5),
(29333, 'KARNAVATI EXP', '2017-06-01', 5, 5, 5, 5, 5, 5),
(29333, 'KARNAVATI EXP', '2017-06-02', 5, 5, 5, 5, 5, 5),
(29333, 'KARNAVATI EXP', '2017-06-03', 5, 5, 5, 5, 5, 5),
(29333, 'KARNAVATI EXP', '2017-06-04', 5, 5, 5, 5, 5, 5),
(29333, 'KARNAVATI EXP', '2017-06-05', 5, 5, 5, 5, 5, 5),
(29333, 'KARNAVATI EXP', '2017-06-06', 5, 5, 5, 5, 5, 5),
(29333, 'KARNAVATI EXP', '2017-06-07', 5, 5, 5, 5, 5, 5),
(29333, 'KARNAVATI EXP', '2017-06-08', 5, 5, 5, 5, 5, 5),
(29333, 'KARNAVATI EXP', '2017-06-09', 5, 5, 5, 5, 5, 5),
(29333, 'KARNAVATI EXP', '2017-06-10', 5, 5, 5, 5, 5, 5),
(29333, 'KARNAVATI EXP', '2017-06-11', 5, 5, 5, 5, 5, 5),
(29333, 'KARNAVATI EXP', '2017-06-12', 5, 5, 5, 5, 5, 5),
(29333, 'KARNAVATI EXP', '2017-06-13', 5, 5, 5, 5, 5, 5),
(29333, 'KARNAVATI EXP', '2017-06-14', 5, 5, 5, 5, 5, 5),
(29333, 'KARNAVATI EXP', '2017-06-15', 5, 5, 5, 5, 5, 5),
(29333, 'KARNAVATI EXP', '2017-06-16', 5, 5, 5, 5, 5, 5),
(29333, 'KARNAVATI EXP', '2017-06-17', 5, 5, 5, 5, 5, 5),
(29333, 'KARNAVATI EXP', '2017-06-18', 5, 5, 5, 5, 5, 5),
(29333, 'KARNAVATI EXP', '2017-06-19', 5, 5, 5, 5, 5, 5),
(29333, 'KARNAVATI EXP', '2017-06-20', 5, 5, 5, 5, 5, 5),
(29333, 'KARNAVATI EXP', '2017-06-21', 5, 5, 5, 5, 5, 5),
(29333, 'KARNAVATI EXP', '2017-06-22', 5, 5, 5, 5, 5, 5),
(29333, 'KARNAVATI EXP', '2017-06-23', 5, 5, 5, 5, 5, 5),
(29333, 'KARNAVATI EXP', '2017-06-24', 5, 5, 5, 5, 5, 5),
(29333, 'KARNAVATI EXP', '2017-06-25', 5, 5, 5, 5, 5, 5),
(29333, 'KARNAVATI EXP', '2017-06-26', 5, 5, 5, 5, 5, 5),
(29333, 'KARNAVATI EXP', '2017-06-27', 5, 5, 5, 5, 5, 5),
(29333, 'KARNAVATI EXP', '2017-06-28', 5, 5, 5, 5, 5, 5),
(29333, 'KARNAVATI EXP', '2017-06-29', 5, 5, 5, 5, 5, 5),
(29333, 'KARNAVATI EXP', '2017-06-30', 5, 5, 5, 5, 5, 5);
INSERT INTO `seats_availability` (`Train_No`, `Train_Name`, `doj`, `1A`, `2A`, `3A`, `AC`, `CC`, `SL`) VALUES
(29333, 'KARNAVATI EXP', '2017-07-01', 5, 5, 5, 5, 5, 5),
(29333, 'KARNAVATI EXP', '2017-07-02', 5, 5, 5, 5, 5, 5),
(29333, 'KARNAVATI EXP', '2017-07-03', 5, 5, 5, 5, 5, 5),
(29333, 'KARNAVATI EXP', '2017-07-04', 5, 5, 5, 5, 5, 5),
(29333, 'KARNAVATI EXP', '2017-07-05', 5, 5, 5, 5, 5, 5),
(29333, 'KARNAVATI EXP', '2017-07-06', 5, 5, 5, 5, 5, 5),
(29333, 'KARNAVATI EXP', '2017-07-07', 5, 5, 5, 5, 5, 5),
(29333, 'KARNAVATI EXP', '2017-07-08', 5, 5, 5, 5, 5, 5),
(59442, 'AHMEDABAD PASS', '2017-04-10', 5, 5, 5, 5, 5, 5),
(59442, 'AHMEDABAD PASS', '2017-04-11', 5, 5, 5, 5, 5, 5),
(59442, 'AHMEDABAD PASS', '2017-04-12', 5, 5, 5, 5, 5, 5),
(59442, 'AHMEDABAD PASS', '2017-04-13', 5, 5, 5, 5, 5, 5),
(59442, 'AHMEDABAD PASS', '2017-04-14', 5, 5, 5, 5, 5, 5),
(59442, 'AHMEDABAD PASS', '2017-04-15', 5, 5, 5, 5, 5, 5),
(59442, 'AHMEDABAD PASS', '2017-04-16', 5, 5, 5, 5, 5, 5),
(59442, 'AHMEDABAD PASS', '2017-04-17', 5, 5, 5, 5, 5, 5),
(59442, 'AHMEDABAD PASS', '2017-04-18', 5, 5, 5, 5, 5, 5),
(59442, 'AHMEDABAD PASS', '2017-04-19', 5, 5, 5, 5, 5, 5),
(59442, 'AHMEDABAD PASS', '2017-04-20', 5, 5, 5, 5, 5, 5),
(59442, 'AHMEDABAD PASS', '2017-04-21', 5, 5, 5, 5, 5, 5),
(59442, 'AHMEDABAD PASS', '2017-04-22', 5, 5, 5, 5, 5, 5),
(59442, 'AHMEDABAD PASS', '2017-04-23', 5, 5, 5, 5, 5, 5),
(59442, 'AHMEDABAD PASS', '2017-04-24', 5, 5, 5, 5, 5, 5),
(59442, 'AHMEDABAD PASS', '2017-04-25', 5, 5, 5, 5, 5, 5),
(59442, 'AHMEDABAD PASS', '2017-04-26', 5, 5, 5, 5, 5, 5),
(59442, 'AHMEDABAD PASS', '2017-04-27', 5, 5, 5, 5, 5, 5),
(59442, 'AHMEDABAD PASS', '2017-04-28', 5, 5, 5, 5, 5, 5),
(59442, 'AHMEDABAD PASS', '2017-04-29', 5, 5, 5, 5, 5, 5),
(59442, 'AHMEDABAD PASS', '2017-04-30', 5, 5, 5, 5, 5, 5),
(59442, 'AHMEDABAD PASS', '2017-05-01', 5, 5, 5, 5, 5, 5),
(59442, 'AHMEDABAD PASS', '2017-05-02', 5, 5, 5, 5, 5, 5),
(59442, 'AHMEDABAD PASS', '2017-05-03', 5, 5, 5, 5, 5, 5),
(59442, 'AHMEDABAD PASS', '2017-05-04', 5, 5, 5, 5, 5, 5),
(59442, 'AHMEDABAD PASS', '2017-05-05', 5, 5, 5, 5, 5, 5),
(59442, 'AHMEDABAD PASS', '2017-05-06', 5, 5, 5, 5, 5, 5),
(59442, 'AHMEDABAD PASS', '2017-05-07', 5, 5, 5, 5, 5, 5),
(59442, 'AHMEDABAD PASS', '2017-05-08', 5, 5, 5, 5, 5, 5),
(59442, 'AHMEDABAD PASS', '2017-05-09', 5, 5, 5, 5, 5, 5),
(59442, 'AHMEDABAD PASS', '2017-05-10', 5, 5, 5, 5, 5, 5),
(59442, 'AHMEDABAD PASS', '2017-05-11', 5, 5, 5, 5, 5, 5),
(59442, 'AHMEDABAD PASS', '2017-05-12', 5, 5, 5, 5, 5, 5),
(59442, 'AHMEDABAD PASS', '2017-05-13', 5, 5, 5, 5, 5, 5),
(59442, 'AHMEDABAD PASS', '2017-05-14', 5, 5, 5, 5, 5, 5),
(59442, 'AHMEDABAD PASS', '2017-05-15', 5, 5, 5, 5, 5, 5),
(59442, 'AHMEDABAD PASS', '2017-05-16', 5, 5, 5, 5, 5, 5),
(59442, 'AHMEDABAD PASS', '2017-05-17', 5, 5, 5, 5, 5, 5),
(59442, 'AHMEDABAD PASS', '2017-05-18', 5, 5, 5, 5, 5, 5),
(59442, 'AHMEDABAD PASS', '2017-05-19', 5, 5, 5, 5, 5, 5),
(59442, 'AHMEDABAD PASS', '2017-05-20', 5, 5, 5, 5, 5, 5),
(59442, 'AHMEDABAD PASS', '2017-05-21', 5, 5, 5, 5, 5, 5),
(59442, 'AHMEDABAD PASS', '2017-05-22', 5, 5, 5, 5, 5, 5),
(59442, 'AHMEDABAD PASS', '2017-05-23', 5, 5, 5, 5, 5, 5),
(59442, 'AHMEDABAD PASS', '2017-05-24', 5, 5, 5, 5, 5, 5),
(59442, 'AHMEDABAD PASS', '2017-05-25', 5, 5, 5, 5, 5, 5),
(59442, 'AHMEDABAD PASS', '2017-05-26', 5, 5, 5, 5, 5, 5),
(59442, 'AHMEDABAD PASS', '2017-05-27', 5, 5, 5, 5, 5, 5),
(59442, 'AHMEDABAD PASS', '2017-05-28', 5, 5, 5, 5, 5, 5),
(59442, 'AHMEDABAD PASS', '2017-05-29', 5, 5, 5, 5, 5, 5),
(59442, 'AHMEDABAD PASS', '2017-05-30', 5, 5, 5, 5, 5, 5),
(59442, 'AHMEDABAD PASS', '2017-05-31', 5, 5, 5, 5, 5, 5),
(59442, 'AHMEDABAD PASS', '2017-06-01', 5, 5, 5, 5, 5, 5),
(59442, 'AHMEDABAD PASS', '2017-06-02', 5, 5, 5, 5, 5, 5),
(59442, 'AHMEDABAD PASS', '2017-06-03', 5, 5, 5, 5, 5, 5),
(59442, 'AHMEDABAD PASS', '2017-06-04', 5, 5, 5, 5, 5, 5),
(59442, 'AHMEDABAD PASS', '2017-06-05', 5, 5, 5, 5, 5, 5),
(59442, 'AHMEDABAD PASS', '2017-06-06', 5, 5, 5, 5, 5, 5),
(59442, 'AHMEDABAD PASS', '2017-06-07', 5, 5, 5, 5, 5, 5),
(59442, 'AHMEDABAD PASS', '2017-06-08', 5, 5, 5, 5, 5, 5),
(59442, 'AHMEDABAD PASS', '2017-06-09', 5, 5, 5, 5, 5, 5),
(59442, 'AHMEDABAD PASS', '2017-06-10', 5, 5, 5, 5, 5, 5),
(59442, 'AHMEDABAD PASS', '2017-06-11', 5, 5, 5, 5, 5, 5),
(59442, 'AHMEDABAD PASS', '2017-06-12', 5, 5, 5, 5, 5, 5),
(59442, 'AHMEDABAD PASS', '2017-06-13', 5, 5, 5, 5, 5, 5),
(59442, 'AHMEDABAD PASS', '2017-06-14', 5, 5, 5, 5, 5, 5),
(59442, 'AHMEDABAD PASS', '2017-06-15', 5, 5, 5, 5, 5, 5),
(59442, 'AHMEDABAD PASS', '2017-06-16', 5, 5, 5, 5, 5, 5),
(59442, 'AHMEDABAD PASS', '2017-06-17', 5, 5, 5, 5, 5, 5),
(59442, 'AHMEDABAD PASS', '2017-06-18', 5, 5, 5, 5, 5, 5),
(59442, 'AHMEDABAD PASS', '2017-06-19', 5, 5, 5, 5, 5, 5),
(59442, 'AHMEDABAD PASS', '2017-06-20', 5, 5, 5, 5, 5, 5),
(59442, 'AHMEDABAD PASS', '2017-06-21', 5, 5, 5, 5, 5, 5),
(59442, 'AHMEDABAD PASS', '2017-06-22', 5, 5, 5, 5, 5, 5),
(59442, 'AHMEDABAD PASS', '2017-06-23', 5, 5, 5, 5, 5, 5),
(59442, 'AHMEDABAD PASS', '2017-06-24', 5, 5, 5, 5, 5, 5),
(59442, 'AHMEDABAD PASS', '2017-06-25', 5, 5, 5, 5, 5, 5),
(59442, 'AHMEDABAD PASS', '2017-06-26', 5, 5, 5, 5, 5, 5),
(59442, 'AHMEDABAD PASS', '2017-06-27', 5, 5, 5, 5, 5, 5),
(59442, 'AHMEDABAD PASS', '2017-06-28', 5, 5, 5, 5, 5, 5),
(59442, 'AHMEDABAD PASS', '2017-06-29', 5, 5, 5, 5, 5, 5),
(59442, 'AHMEDABAD PASS', '2017-06-30', 5, 5, 5, 5, 5, 5),
(59442, 'AHMEDABAD PASS', '2017-07-01', 5, 5, 5, 5, 5, 5),
(59442, 'AHMEDABAD PASS', '2017-07-02', 5, 5, 5, 5, 5, 5),
(59442, 'AHMEDABAD PASS', '2017-07-03', 5, 5, 5, 5, 5, 5),
(59442, 'AHMEDABAD PASS', '2017-07-04', 5, 5, 5, 5, 5, 5),
(59442, 'AHMEDABAD PASS', '2017-07-05', 5, 5, 5, 5, 5, 5),
(59442, 'AHMEDABAD PASS', '2017-07-06', 5, 5, 5, 5, 5, 5),
(59442, 'AHMEDABAD PASS', '2017-07-07', 5, 5, 5, 5, 5, 5),
(59442, 'AHMEDABAD PASS', '2017-07-08', 5, 5, 5, 5, 5, 5);

-- --------------------------------------------------------

--
-- Table structure for table `train_list`
--

CREATE TABLE `train_list` (
  `Number` int(6) NOT NULL,
  `Name` varchar(20) NOT NULL,
  `Origin` varchar(20) NOT NULL,
  `Destination` varchar(20) NOT NULL,
  `Arrival` varchar(10) NOT NULL,
  `Departure` varchar(10) NOT NULL,
  `Mon` varchar(2) NOT NULL,
  `Tue` varchar(2) NOT NULL,
  `Wed` varchar(2) NOT NULL,
  `Thu` varchar(2) NOT NULL,
  `Fri` varchar(2) NOT NULL,
  `Sat` varchar(2) NOT NULL,
  `Sun` varchar(2) NOT NULL,
  `1A` int(11) NOT NULL,
  `2A` int(11) NOT NULL,
  `3A` int(11) NOT NULL,
  `SL` int(11) NOT NULL,
  `General` int(11) NOT NULL,
  `Ladies` int(11) NOT NULL,
  `Tatkal` int(11) NOT NULL
) ENGINE=InnoDB DEFAULT CHARSET=latin1;

--
-- Dumping data for table `train_list`
--

INSERT INTO `train_list` (`Number`, `Name`, `Origin`, `Destination`, `Arrival`, `Departure`, `Mon`, `Tue`, `Wed`, `Thu`, `Fri`, `Sat`, `Sun`, `1A`, `2A`, `3A`, `SL`, `General`, `Ladies`, `Tatkal`) VALUES
(12009, 'JANA SHATABDI EXP', 'TVM', 'CLT', '22:15', '06:25', 'Y', 'Y', 'Y', 'Y', 'Y', 'Y', 'N', 2500, 1000, 500, 250, 2, 1, 3),
(12931, 'ADI DOUBLE DECK', 'BCT', 'ADI', 'First st', '14:20', 'Y', 'Y', 'Y', 'Y', 'Y', 'Y', 'N', 2500, 1000, 500, 250, 2, 1, 3),
(12932, 'BCT DOUBLEDECKE', 'ADI', 'BCT', '13:00', 'Last st', 'Y', 'Y', 'Y', 'Y', 'Y', 'Y', 'N', 2500, 1000, 500, 250, 2, 1, 3),
(12952, 'MUMBAI RAJDHANI', 'NDLS', 'BCT', '08:25', 'last st', 'Y', 'Y', 'Y', 'Y', 'Y', 'Y', 'Y', 2500, 1000, 500, 250, 2, 1, 3),
(19011, 'GUJARAT EXPRESS', 'ADI', 'BCT', '16:25', '10:35', 'Y', 'Y', 'Y', 'Y', 'Y', 'Y', 'Y', 2500, 1000, 500, 250, 2, 1, 3),
(22210, 'BCT DURONTO', 'NDLS', 'BCT', '16:15', 'Last st', 'N', 'N', 'Y', 'N', 'N', 'N', 'Y', 2500, 1000, 500, 250, 2, 1, 3),
(22220, 'BCT DURONTO', 'NDLS', 'BCT', '16:15', 'Last st', 'N', 'N', 'Y', 'N', 'N', 'N', 'Y', 2500, 1000, 500, 250, 2, 1, 3),
(22222, 'BCT DURONTO', 'NDLS', 'BCT', '16:15', 'Last st', 'N', 'N', 'Y', 'N', 'N', 'N', 'Y', 2500, 1000, 500, 250, 2, 1, 3),
(25222, 'BCT DURONTO', 'NDLS', 'BCT', '16:15', 'Last st', 'N', 'N', 'Y', 'N', 'N', 'N', 'Y', 2500, 1000, 500, 250, 2, 1, 3),
(29333, 'KARNAVATI EXP', 'AHMD', 'BCT', '08:05', '21:10', 'Y', 'Y', 'Y', 'N', 'Y', 'N', 'Y', 2500, 1000, 500, 250, 2, 1, 3),
(59442, 'AHMEDABAD PASS', 'ADI', 'BCT', '04:35', '1:35', 'Y', 'Y', 'Y', 'Y', 'Y', 'Y', 'Y', 2500, 1000, 500, 250, 2, 1, 3);

-- --------------------------------------------------------

--
-- Table structure for table `users`
--

CREATE TABLE `users` (
  `id` int(11) NOT NULL,
  `f_name` varchar(50) NOT NULL,
  `l_name` varchar(50) NOT NULL,
  `email` varchar(50) NOT NULL,
  `password` varchar(20) NOT NULL,
  `gender` varchar(10) NOT NULL,
  `marital` varchar(10) NOT NULL,
  `dob` varchar(20) NOT NULL,
  `mobile` bigint(10) NOT NULL,
  `ques` varchar(100) NOT NULL,
  `ans` varchar(100) NOT NULL
) ENGINE=InnoDB DEFAULT CHARSET=latin1;

--
-- Dumping data for table `users`
--

INSERT INTO `users` (`id`, `f_name`, `l_name`, `email`, `password`, `gender`, `marital`, `dob`, `mobile`, `ques`, `ans`) VALUES
(1, 'ANISH', 'SASIDHARAN', 'anish@logixspace.com', 'Dev@12345', 'male', 'married', '2004-08-01', 9526674440, 'What is your pets name ?', 'cat');

--
-- Indexes for dumped tables
--

--
-- Indexes for table `Admin`
--
ALTER TABLE `Admin`
  ADD PRIMARY KEY (`Id`);

--
-- Indexes for table `booking`
--
ALTER TABLE `booking`
  ADD PRIMARY KEY (`id`);

--
-- Indexes for table `interlist`
--
ALTER TABLE `interlist`
  ADD PRIMARY KEY (`id`);

--
-- Indexes for table `QualityReport`
--
ALTER TABLE `QualityReport`
  ADD PRIMARY KEY (`Id`);

--
-- Indexes for table `train_list`
--
ALTER TABLE `train_list`
  ADD PRIMARY KEY (`Number`);

--
-- Indexes for table `users`
--
ALTER TABLE `users`
  ADD PRIMARY KEY (`id`);

--
-- AUTO_INCREMENT for dumped tables
--

--
-- AUTO_INCREMENT for table `Admin`
--
ALTER TABLE `Admin`
  MODIFY `Id` int(11) NOT NULL AUTO_INCREMENT, AUTO_INCREMENT=2;

--
-- AUTO_INCREMENT for table `booking`
--
ALTER TABLE `booking`
  MODIFY `id` int(11) NOT NULL AUTO_INCREMENT, AUTO_INCREMENT=26;

--
-- AUTO_INCREMENT for table `interlist`
--
ALTER TABLE `interlist`
  MODIFY `id` int(11) NOT NULL AUTO_INCREMENT, AUTO_INCREMENT=6;

--
-- AUTO_INCREMENT for table `QualityReport`
--
ALTER TABLE `QualityReport`
  MODIFY `Id` int(11) NOT NULL AUTO_INCREMENT, AUTO_INCREMENT=3;

--
-- AUTO_INCREMENT for table `users`
--
ALTER TABLE `users`
  MODIFY `id` int(11) NOT NULL AUTO_INCREMENT, AUTO_INCREMENT=2;

